window_ID,timeStamp,acc_X,acc_Y,acc_Z,gyro_X,gyro_Y,gyro_Z,acc_xyz
1,1633253645.1723795,-9.060856182861327,-3.392583752441406,-2.013523596191406,-0.3053435114503817,0.8244274809160306,1.251908396946565,9.88246004577025
1,1633253645.1723795,-9.056067779541015,-3.381809844970703,-2.013523596191406,-0.2595419847328244,1.1908396946564885,1.5572519083969465,9.87437485249579
1,1633253645.1880033,-9.051279376220702,-3.3698388366699215,-2.021903302001953,-0.1984732824427481,1.3587786259541985,1.618320610687023,9.867601790413591
1,1633253645.3129716,-9.05367357788086,-3.353079425048828,-2.0278888061523435,-0.12213740458015267,1.5114503816793894,1.618320610687023,9.865317019519534
1,1633253645.4535635,-9.051279376220702,-3.3016040893554686,-2.042254016113281,-0.015267175572519083,1.633587786259542,1.5725190839694656,9.848708005397347
1,1633253645.5472667,-9.042899670410156,-3.277662072753906,-2.0542250244140625,0.15267175572519084,1.8015267175572518,1.3282442748091603,9.835494068078253
1,1633253645.609783,-9.035717065429687,-3.2620997619628906,-2.068590234375,0.183206106870229,1.83206106870229,1.1297709923664123,9.82672597059912
1,1633253645.6722622,-9.023746057128905,-3.2501287536621093,-2.0745757385253905,0.1984732824427481,1.816793893129771,0.916030534351145,9.81301148036671
1,1633253645.7347474,-9.009380847167968,-3.247734552001953,-2.0781670410156248,0.12213740458015267,1.6946564885496183,0.4122137404580153,9.799770467717495
1,1633253645.8597186,-9.006986645507812,-3.2561142578125,-2.086546746826172,0.061068702290076333,1.5877862595419847,0.13740458015267176,9.802130677509702
1,1633253646.0486095,-9.0021982421875,-3.2728736694335936,-2.0829554443359375,0.015267175572519083,1.450381679389313,-0.15267175572519084,9.802549598487332
1,1633253646.1267385,-8.99501563720703,-3.3195606018066406,-2.0877438476562498,-0.04580152671755725,1.3282442748091603,-0.6564885496183206,9.812668509436788
1,1633253646.2059028,-8.986635931396483,-3.3482910217285156,-2.088940948486328,-0.15267175572519084,1.1145038167938932,-0.8549618320610687,9.815006490874934
1,1633253646.2059028,-8.97705912475586,-3.374627239990234,-2.0829554443359375,-0.16793893129770993,1.0076335877862594,-0.9923664122137404,9.813990163095502
1,1633253646.3464937,-8.973467822265624,-3.399766357421875,-2.0745757385253905,-0.16793893129770993,0.916030534351145,-1.0687022900763359,9.817606660341019
1,1633253646.4558437,-8.959102612304687,-3.460818499755859,-2.053027923583984,-0.07633587786259542,0.8244274809160306,-1.1450381679389312,9.821288508188353
1,1633253646.580814,-8.950722906494141,-3.488351818847656,-2.038662713623047,0.015267175572519083,0.8091603053435115,-1.1145038167938932,9.820396357622922
1,1633253646.7057843,-8.94473740234375,-3.5122938354492184,-2.0278888061523435,0.13740458015267176,0.8091603053435115,-1.0687022900763359,9.821245755683938
1,1633253646.7838883,-8.93875189819336,-3.5326445495605467,-2.0075380920410155,0.2900763358778626,0.8244274809160306,-0.9923664122137404,9.818914003187466
1,1633253646.9088671,-8.930372192382812,-3.5673604736328124,-1.9991583862304687,0.5954198473282443,0.8854961832061069,-0.7938931297709924,9.82213024229253
1,1633253646.9088671,-8.921992486572265,-3.5781343811035153,-1.9895815795898437,0.7786259541984732,0.9312977099236641,-0.6717557251908397,9.816487683562293
1,1633253646.9088671,-8.90643017578125,-3.575740179443359,-1.9776105712890624,0.9618320610687023,0.9465648854961832,-0.549618320610687,9.799048927249354
1,1633253646.9401047,-8.88009395751953,-3.5529952636718747,-1.9728221679687499,1.251908396946565,1.0381679389312977,-0.366412213740458,9.765852310191804
1,1633253647.0650754,-8.872911352539061,-3.544615557861328,-1.9668366638183592,1.297709923664122,1.099236641221374,-0.2748091603053435,9.755065442383728
1,1633253647.2056673,-8.876502655029297,-3.5434184570312497,-1.9584569580078124,1.297709923664122,1.1603053435114503,-0.16793893129770993,9.756211734210215
1,1633253647.34626,-8.882488159179687,-3.5434184570312497,-1.9500772521972656,1.297709923664122,1.2213740458015268,-0.061068702290076333,9.759980099832905
1,1633253647.4243703,-8.882488159179687,-3.5398271545410154,-1.9488801513671874,1.2671755725190839,1.251908396946565,0.2748091603053435,9.75843768368617
1,1633253647.4868507,-8.88009395751953,-3.5314474487304683,-1.954865655517578,1.2213740458015268,1.251908396946565,0.4580152671755725,9.754418973400824
1,1633253647.6118224,-8.87410845336914,-3.5302503479003904,-1.9620482604980467,1.1450381679389312,1.2366412213740459,0.6564885496183206,9.749979576262293
1,1633253647.8004737,-8.87410845336914,-3.5218706420898434,-1.9524714538574217,1.0381679389312977,1.251908396946565,0.8396946564885496,9.745025317560753
1,1633253647.8160946,-8.896853369140624,-3.5218706420898434,-1.956062756347656,0.8091603053435115,1.251908396946565,1.2366412213740459,9.76646067920071
1,1633253647.8942049,-8.89924757080078,-3.525461944580078,-1.9524714538574217,0.7022900763358778,1.2061068702290076,1.465648854961832,9.769218700961405
1,1633253647.9879293,-8.901641772460938,-3.5314474487304683,-1.9500772521972656,0.5954198473282443,1.1297709923664123,1.6641221374045803,9.773082861508117
1,1633253648.035919,-8.908824377441405,-3.5326445495605467,-1.9405004455566406,0.48854961832061067,1.0687022900763359,1.816793893129771,9.77815275401441
1,1633253648.176508,-8.939948999023438,-3.5290532470703124,-1.9321207397460936,0.3816793893129771,0.9465648854961832,2.0916030534351147,9.803570547446204
1,1633253648.286952,-8.949525805664061,-3.517082238769531,-1.9285294372558592,0.3511450381679389,0.8702290076335878,2.198473282442748,9.807298578654443
1,1633253648.3338134,-8.967482318115234,-3.497928625488281,-1.9333178405761717,0.32061068702290074,0.7786259541984732,2.3053435114503817,9.817788023145022
1,1633253648.3806834,-8.978256225585938,-3.4452561889648434,-1.954865655517578,0.32061068702290074,0.7022900763358778,2.3969465648854964,9.813275436417515
1,1633253648.3806834,-8.990227233886719,-3.422511273193359,-1.956062756347656,0.2748091603053435,0.6870229007633588,2.564885496183206,9.816514179627331
1,1633253648.4744048,-8.991424334716797,-3.3961750549316405,-1.9632453613281249,0.24427480916030533,0.7175572519083969,2.6412213740458017,9.809895459150098
1,1633253648.5993762,-8.991424334716797,-3.372233038330078,-1.9728221679687499,0.22900763358778625,0.7786259541984732,2.7022900763358777,9.803555198914893
1,1633253648.7399678,-9.006986645507812,-3.362656231689453,-1.974019268798828,0.1984732824427481,1.0687022900763359,2.7480916030534353,9.814785654229288
1,1633253648.7399678,-9.012972149658202,-3.355473626708984,-1.9812018737792967,0.22900763358778625,1.251908396946565,2.717557251908397,9.819268358422665
1,1633253648.8024535,-9.020154754638671,-3.3411084167480465,-1.9871873779296874,0.4732824427480916,1.6488549618320612,2.549618320610687,9.82217444994225
1,1633253648.88056,-9.030928662109375,-3.326743206787109,-2.003946789550781,0.6106870229007634,1.8473282442748091,2.366412213740458,9.830599961312824
1,1633253648.9766982,-9.038111267089842,-3.308786694335937,-2.0063409912109376,0.7480916030534351,2.0,2.16793893129771,9.831629002252077
1,1633253649.0391839,-9.042899670410156,-3.2692823669433593,-2.023100402832031,0.8854961832061069,2.122137404580153,1.6641221374045803,9.826249380300197
1,1633253649.0860827,-9.042899670410156,-3.2537200561523436,-2.0362685119628905,1.1297709923664123,2.213740458015267,1.3129770992366412,9.823803647555446
1,1633253649.1964655,-9.044096771240234,-3.2405519470214843,-2.050633721923828,1.2213740458015268,2.16793893129771,0.9465648854961832,9.823541214368367
1,1633253649.3214355,-9.051279376220702,-3.23696064453125,-2.0470424194335934,1.282442748091603,2.0916030534351147,0.5343511450381679,9.82822238391068
1,1633253649.4163024,-9.052476477050782,-3.23696064453125,-2.051830822753906,1.297709923664122,1.9541984732824427,0.13740458015267176,9.830323204605476
1,1633253649.4631665,-9.047688073730468,-3.239354846191406,-2.0458453186035155,1.2366412213740459,1.5725190839694656,-0.6564885496183206,9.825454817295746
1,1633253649.5256264,-9.039308367919922,-3.248931652832031,-2.0458453186035155,1.1450381679389312,1.3435114503816794,-1.0076335877862594,9.820902999356674
1,1633253649.651682,-9.029731561279297,-3.2632968627929686,-2.0458453186035155,1.0381679389312977,1.1450381679389312,-1.3435114503816794,9.816854972501622
1,1633253649.792273,-9.006986645507812,-3.3075895935058592,-2.031480108642578,0.9007633587786259,0.9618320610687023,-1.8778625954198473,9.807796326557499
1,1633253649.901622,-8.989030133056641,-3.3291374084472656,-2.0278888061523435,0.6412213740458015,0.6870229007633588,-2.0763358778625953,9.797864646311524
1,1633253650.0578358,-8.971073620605468,-3.355473626708984,-2.0302830078125,0.5343511450381679,0.6106870229007634,-2.2442748091603053,9.79088424289017
1,1633253650.1203177,-8.95670841064453,-3.393780853271484,-2.020706201171875,0.42748091603053434,0.5954198473282443,-2.3969465648854964,9.7889543662639
1,1633253650.1515665,-8.942343200683593,-3.494337322998047,-1.9847931762695312,0.32061068702290074,0.6412213740458015,-2.6259541984732824,9.803841043095066
1,1633253650.1984315,-8.93875189819336,-3.544615557861328,-1.9620482604980467,0.3816793893129771,0.7175572519083969,-2.7480916030534353,9.81403170603251
1,1633253650.2765348,-8.939948999023438,-3.592499591064453,-1.93451494140625,0.549618320610687,0.7633587786259542,-2.854961832061069,9.827059045078668
1,1633253650.3546407,-8.930372192382812,-3.6343981201171873,-1.908178723144531,0.8549618320610687,0.7786259541984732,-2.9160305343511452,9.828608407575155
1,1633253650.4639904,-8.90643017578125,-3.6367923217773437,-1.9105729248046874,1.5419847328244274,0.7938931297709924,-3.068702290076336,9.808213179208648
1,1633253650.5889611,-8.89326206665039,-3.6296097167968746,-1.9141642272949217,1.8625954198473282,0.8549618320610687,-3.068702290076336,9.794294337594957
2,1633253647.9879293,-8.901641772460938,-3.5314474487304683,-1.9500772521972656,0.5954198473282443,1.1297709923664123,1.6641221374045803,9.773082861508117
2,1633253648.035919,-8.908824377441405,-3.5326445495605467,-1.9405004455566406,0.48854961832061067,1.0687022900763359,1.816793893129771,9.77815275401441
2,1633253648.176508,-8.939948999023438,-3.5290532470703124,-1.9321207397460936,0.3816793893129771,0.9465648854961832,2.0916030534351147,9.803570547446204
2,1633253648.286952,-8.949525805664061,-3.517082238769531,-1.9285294372558592,0.3511450381679389,0.8702290076335878,2.198473282442748,9.807298578654443
2,1633253648.3338134,-8.967482318115234,-3.497928625488281,-1.9333178405761717,0.32061068702290074,0.7786259541984732,2.3053435114503817,9.817788023145022
2,1633253648.3806834,-8.978256225585938,-3.4452561889648434,-1.954865655517578,0.32061068702290074,0.7022900763358778,2.3969465648854964,9.813275436417515
2,1633253648.3806834,-8.990227233886719,-3.422511273193359,-1.956062756347656,0.2748091603053435,0.6870229007633588,2.564885496183206,9.816514179627331
2,1633253648.4744048,-8.991424334716797,-3.3961750549316405,-1.9632453613281249,0.24427480916030533,0.7175572519083969,2.6412213740458017,9.809895459150098
2,1633253648.5993762,-8.991424334716797,-3.372233038330078,-1.9728221679687499,0.22900763358778625,0.7786259541984732,2.7022900763358777,9.803555198914893
2,1633253648.7399678,-9.006986645507812,-3.362656231689453,-1.974019268798828,0.1984732824427481,1.0687022900763359,2.7480916030534353,9.814785654229288
2,1633253648.7399678,-9.012972149658202,-3.355473626708984,-1.9812018737792967,0.22900763358778625,1.251908396946565,2.717557251908397,9.819268358422665
2,1633253648.8024535,-9.020154754638671,-3.3411084167480465,-1.9871873779296874,0.4732824427480916,1.6488549618320612,2.549618320610687,9.82217444994225
2,1633253648.88056,-9.030928662109375,-3.326743206787109,-2.003946789550781,0.6106870229007634,1.8473282442748091,2.366412213740458,9.830599961312824
2,1633253648.9766982,-9.038111267089842,-3.308786694335937,-2.0063409912109376,0.7480916030534351,2.0,2.16793893129771,9.831629002252077
2,1633253649.0391839,-9.042899670410156,-3.2692823669433593,-2.023100402832031,0.8854961832061069,2.122137404580153,1.6641221374045803,9.826249380300197
2,1633253649.0860827,-9.042899670410156,-3.2537200561523436,-2.0362685119628905,1.1297709923664123,2.213740458015267,1.3129770992366412,9.823803647555446
2,1633253649.1964655,-9.044096771240234,-3.2405519470214843,-2.050633721923828,1.2213740458015268,2.16793893129771,0.9465648854961832,9.823541214368367
2,1633253649.3214355,-9.051279376220702,-3.23696064453125,-2.0470424194335934,1.282442748091603,2.0916030534351147,0.5343511450381679,9.82822238391068
2,1633253649.4163024,-9.052476477050782,-3.23696064453125,-2.051830822753906,1.297709923664122,1.9541984732824427,0.13740458015267176,9.830323204605476
2,1633253649.4631665,-9.047688073730468,-3.239354846191406,-2.0458453186035155,1.2366412213740459,1.5725190839694656,-0.6564885496183206,9.825454817295746
2,1633253649.5256264,-9.039308367919922,-3.248931652832031,-2.0458453186035155,1.1450381679389312,1.3435114503816794,-1.0076335877862594,9.820902999356674
2,1633253649.651682,-9.029731561279297,-3.2632968627929686,-2.0458453186035155,1.0381679389312977,1.1450381679389312,-1.3435114503816794,9.816854972501622
2,1633253649.792273,-9.006986645507812,-3.3075895935058592,-2.031480108642578,0.9007633587786259,0.9618320610687023,-1.8778625954198473,9.807796326557499
2,1633253649.901622,-8.989030133056641,-3.3291374084472656,-2.0278888061523435,0.6412213740458015,0.6870229007633588,-2.0763358778625953,9.797864646311524
2,1633253650.0578358,-8.971073620605468,-3.355473626708984,-2.0302830078125,0.5343511450381679,0.6106870229007634,-2.2442748091603053,9.79088424289017
2,1633253650.1203177,-8.95670841064453,-3.393780853271484,-2.020706201171875,0.42748091603053434,0.5954198473282443,-2.3969465648854964,9.7889543662639
2,1633253650.1515665,-8.942343200683593,-3.494337322998047,-1.9847931762695312,0.32061068702290074,0.6412213740458015,-2.6259541984732824,9.803841043095066
2,1633253650.1984315,-8.93875189819336,-3.544615557861328,-1.9620482604980467,0.3816793893129771,0.7175572519083969,-2.7480916030534353,9.81403170603251
2,1633253650.2765348,-8.939948999023438,-3.592499591064453,-1.93451494140625,0.549618320610687,0.7633587786259542,-2.854961832061069,9.827059045078668
2,1633253650.3546407,-8.930372192382812,-3.6343981201171873,-1.908178723144531,0.8549618320610687,0.7786259541984732,-2.9160305343511452,9.828608407575155
2,1633253650.4639904,-8.90643017578125,-3.6367923217773437,-1.9105729248046874,1.5419847328244274,0.7938931297709924,-3.068702290076336,9.808213179208648
2,1633253650.5889611,-8.89326206665039,-3.6296097167968746,-1.9141642272949217,1.8625954198473282,0.8549618320610687,-3.068702290076336,9.794294337594957
2,1633253650.6514473,-8.88009395751953,-3.6188358093261717,-1.9189526306152342,2.0916030534351147,0.9312977099236641,-3.0381679389312977,9.779285275917735
2,1633253650.6514473,-8.869320050048827,-3.611653204345703,-1.935712042236328,2.198473282442748,1.0381679389312977,-2.9618320610687023,9.770151387215934
2,1633253650.66707,-8.858546142578124,-3.614047406005859,-1.9416975463867185,2.2442748091603053,1.282442748091603,-2.5801526717557253,9.762446812899297
2,1633253650.8090117,-8.863334545898438,-3.622427111816406,-1.9405004455566406,2.16793893129771,1.3893129770992367,-2.3053435114503817,9.769658102111084
2,1633253650.9508774,-8.875305554199219,-3.6367923217773437,-1.93451494140625,2.0763358778625953,1.465648854961832,-1.9694656488549618,9.784664282981923
2,1633253651.1070905,-8.895656268310546,-3.660734338378906,-1.9129671264648436,1.984732824427481,1.4961832061068703,-1.5725190839694656,9.80780911147104
2,1633253651.201933,-8.89924757080078,-3.659537237548828,-1.897404815673828,1.8015267175572518,1.4351145038167938,-0.6412213740458015,9.807597318097452
2,1633253651.201933,-8.889670764160156,-3.6535517333984373,-1.8950106140136718,1.6793893129770991,1.3587786259541985,-0.0916030534351145,9.796211093632426
2,1633253651.201933,-8.877699755859375,-3.6439749267578123,-1.898601916503906,1.5267175572519085,1.2671755725190839,0.4580152671755725,9.78247389259882
2,1633253651.3269007,-8.84777223510742,-3.6343981201171873,-1.8770541015625,1.3435114503816794,1.1603053435114503,1.0229007633587786,9.747576894800149
2,1633253651.4206288,-8.834604125976561,-3.6427778259277344,-1.8734627990722654,0.8549618320610687,1.0381679389312977,2.015267175572519,9.73806568119668
2,1633253651.5455995,-8.826224420166016,-3.6439749267578123,-1.867477294921875,0.6412213740458015,1.0076335877862594,2.427480916030534,9.729761673803898
2,1633253651.5455995,-8.820238916015624,-3.6379894226074216,-1.859097589111328,0.4580152671755725,0.9770992366412213,2.7786259541984735,9.720484834638626
2,1633253651.6549494,-8.821436016845702,-3.6176387084960937,-1.8555062866210936,0.15267175572519084,0.9312977099236641,3.2519083969465647,9.713287126622081
2,1633253651.717435,-8.82981572265625,-3.6008792968749996,-1.8567033874511718,0.04580152671755725,0.916030534351145,3.404580152671756,9.714902206183197
2,1633253651.7330532,-8.833407025146483,-3.5865140869140624,-1.8626888916015625,-0.061068702290076333,0.9312977099236641,3.49618320610687,9.713998809678541
2,1633253651.7330532,-8.853757739257812,-3.5386300537109374,-1.8698714965820311,-0.1984732824427481,1.1145038167938932,3.435114503816794,9.71634438336887
2,1633253651.7330532,-8.870517150878905,-3.5326445495605467,-1.8842367065429686,-0.22900763358778625,1.282442748091603,3.282442748091603,9.732214547771774
2,1633253651.7955475,-8.892064965820312,-3.5290532470703124,-1.898601916503906,-0.24427480916030533,1.450381679389313,3.114503816793893,9.753344319482359
2,1633253651.87365,-8.911218579101561,-3.5242648437499997,-1.916558428955078,-0.21374045801526717,1.633587786259542,2.9160305343511452,9.772586938217321
2,1633253651.9361346,-8.957905511474609,-3.5003228271484375,-1.964442462158203,-0.13740458015267176,1.83206106870229,2.4122137404580153,9.81607687591605
2,1633253652.0298617,-8.990227233886719,-3.4811692138671875,-1.9800047729492187,0.0,2.213740458015267,2.1374045801526718,9.841907524123402
2,1633253652.1548316,-9.024943157958983,-3.4644098022460934,-1.9907786804199217,0.07633587786259542,2.366412213740458,1.8473282442748091,9.869900406625387
2,1633253652.2485597,-9.05367357788086,-3.4548329956054684,-2.01112939453125,0.15267175572519084,2.427480916030534,1.5725190839694656,9.896944868184821
2,1633253652.3422902,-9.076418493652342,-3.4392706848144527,-2.0183119995117185,0.4122137404580153,2.351145038167939,0.9923664122137404,9.913805467261868
2,1633253652.4047728,-9.07163009033203,-3.4332851806640625,-2.0266917053222655,0.5801526717557252,2.2290076335877864,0.6717557251908397,9.909056407953639
2,1633253652.436046,-9.05965908203125,-3.4249054748535155,-2.031480108642578,0.7633587786259542,2.0610687022900764,0.32061068702290074,9.896176616558707
2,1633253652.543954,-9.041702569580078,-3.4105402648925778,-2.038662713623047,0.9312977099236641,1.8625954198473282,-0.061068702290076333,9.876250093791743
2,1633253652.6335745,-9.017760552978515,-3.388992449951172,-2.051830822753906,1.1297709923664123,1.465648854961832,-0.8549618320610687,9.849633746585932
2,1633253652.7658396,-9.003395343017578,-3.384204046630859,-2.050633721923828,1.1450381679389312,1.282442748091603,-1.1908396946564885,9.83458506462751
2,1633253652.8752418,-8.987833032226561,-3.383006945800781,-2.0470424194335934,1.1450381679389312,1.099236641221374,-1.450381679389313,9.819178238400593
2,1633253652.8752418,-8.971073620605468,-3.3865982482910155,-2.039859814453125,1.083969465648855,0.9465648854961832,-1.6641221374045803,9.803582899342047
3,1633253650.6514473,-8.88009395751953,-3.6188358093261717,-1.9189526306152342,2.0916030534351147,0.9312977099236641,-3.0381679389312977,9.779285275917735
3,1633253650.6514473,-8.869320050048827,-3.611653204345703,-1.935712042236328,2.198473282442748,1.0381679389312977,-2.9618320610687023,9.770151387215934
3,1633253650.66707,-8.858546142578124,-3.614047406005859,-1.9416975463867185,2.2442748091603053,1.282442748091603,-2.5801526717557253,9.762446812899297
3,1633253650.8090117,-8.863334545898438,-3.622427111816406,-1.9405004455566406,2.16793893129771,1.3893129770992367,-2.3053435114503817,9.769658102111084
3,1633253650.9508774,-8.875305554199219,-3.6367923217773437,-1.93451494140625,2.0763358778625953,1.465648854961832,-1.9694656488549618,9.784664282981923
3,1633253651.1070905,-8.895656268310546,-3.660734338378906,-1.9129671264648436,1.984732824427481,1.4961832061068703,-1.5725190839694656,9.80780911147104
3,1633253651.201933,-8.89924757080078,-3.659537237548828,-1.897404815673828,1.8015267175572518,1.4351145038167938,-0.6412213740458015,9.807597318097452
3,1633253651.201933,-8.889670764160156,-3.6535517333984373,-1.8950106140136718,1.6793893129770991,1.3587786259541985,-0.0916030534351145,9.796211093632426
3,1633253651.201933,-8.877699755859375,-3.6439749267578123,-1.898601916503906,1.5267175572519085,1.2671755725190839,0.4580152671755725,9.78247389259882
3,1633253651.3269007,-8.84777223510742,-3.6343981201171873,-1.8770541015625,1.3435114503816794,1.1603053435114503,1.0229007633587786,9.747576894800149
3,1633253651.4206288,-8.834604125976561,-3.6427778259277344,-1.8734627990722654,0.8549618320610687,1.0381679389312977,2.015267175572519,9.73806568119668
3,1633253651.5455995,-8.826224420166016,-3.6439749267578123,-1.867477294921875,0.6412213740458015,1.0076335877862594,2.427480916030534,9.729761673803898
3,1633253651.5455995,-8.820238916015624,-3.6379894226074216,-1.859097589111328,0.4580152671755725,0.9770992366412213,2.7786259541984735,9.720484834638626
3,1633253651.6549494,-8.821436016845702,-3.6176387084960937,-1.8555062866210936,0.15267175572519084,0.9312977099236641,3.2519083969465647,9.713287126622081
3,1633253651.717435,-8.82981572265625,-3.6008792968749996,-1.8567033874511718,0.04580152671755725,0.916030534351145,3.404580152671756,9.714902206183197
3,1633253651.7330532,-8.833407025146483,-3.5865140869140624,-1.8626888916015625,-0.061068702290076333,0.9312977099236641,3.49618320610687,9.713998809678541
3,1633253651.7330532,-8.853757739257812,-3.5386300537109374,-1.8698714965820311,-0.1984732824427481,1.1145038167938932,3.435114503816794,9.71634438336887
3,1633253651.7330532,-8.870517150878905,-3.5326445495605467,-1.8842367065429686,-0.22900763358778625,1.282442748091603,3.282442748091603,9.732214547771774
3,1633253651.7955475,-8.892064965820312,-3.5290532470703124,-1.898601916503906,-0.24427480916030533,1.450381679389313,3.114503816793893,9.753344319482359
3,1633253651.87365,-8.911218579101561,-3.5242648437499997,-1.916558428955078,-0.21374045801526717,1.633587786259542,2.9160305343511452,9.772586938217321
3,1633253651.9361346,-8.957905511474609,-3.5003228271484375,-1.964442462158203,-0.13740458015267176,1.83206106870229,2.4122137404580153,9.81607687591605
3,1633253652.0298617,-8.990227233886719,-3.4811692138671875,-1.9800047729492187,0.0,2.213740458015267,2.1374045801526718,9.841907524123402
3,1633253652.1548316,-9.024943157958983,-3.4644098022460934,-1.9907786804199217,0.07633587786259542,2.366412213740458,1.8473282442748091,9.869900406625387
3,1633253652.2485597,-9.05367357788086,-3.4548329956054684,-2.01112939453125,0.15267175572519084,2.427480916030534,1.5725190839694656,9.896944868184821
3,1633253652.3422902,-9.076418493652342,-3.4392706848144527,-2.0183119995117185,0.4122137404580153,2.351145038167939,0.9923664122137404,9.913805467261868
3,1633253652.4047728,-9.07163009033203,-3.4332851806640625,-2.0266917053222655,0.5801526717557252,2.2290076335877864,0.6717557251908397,9.909056407953639
3,1633253652.436046,-9.05965908203125,-3.4249054748535155,-2.031480108642578,0.7633587786259542,2.0610687022900764,0.32061068702290074,9.896176616558707
3,1633253652.543954,-9.041702569580078,-3.4105402648925778,-2.038662713623047,0.9312977099236641,1.8625954198473282,-0.061068702290076333,9.876250093791743
3,1633253652.6335745,-9.017760552978515,-3.388992449951172,-2.051830822753906,1.1297709923664123,1.465648854961832,-0.8549618320610687,9.849633746585932
3,1633253652.7658396,-9.003395343017578,-3.384204046630859,-2.050633721923828,1.1450381679389312,1.282442748091603,-1.1908396946564885,9.83458506462751
3,1633253652.8752418,-8.987833032226561,-3.383006945800781,-2.0470424194335934,1.1450381679389312,1.099236641221374,-1.450381679389313,9.819178238400593
3,1633253652.8752418,-8.971073620605468,-3.3865982482910155,-2.039859814453125,1.083969465648855,0.9465648854961832,-1.6641221374045803,9.803582899342047
3,1633253652.9706545,-8.936357696533202,-3.418919970703125,-2.0350714111328125,0.8702290076335878,0.6870229007633588,-1.8625954198473282,9.782076379525511
3,1633253653.017518,-8.926780889892578,-3.450044592285156,-2.0266917053222655,0.732824427480916,0.6259541984732825,-1.83206106870229,9.782520330330494
3,1633253653.0800025,-8.916006982421875,-3.4871547180175777,-2.013523596191406,0.6259541984732825,0.5954198473282443,-1.7251908396946565,9.783133741823601
3,1633253653.1112459,-8.89924757080078,-3.5434184570312497,-1.9907786804199217,0.5648854961832062,0.5801526717557252,-1.5572519083969465,9.783436075451599
3,1633253653.1904073,-8.894459167480468,-3.5697546752929687,-1.9752163696289062,0.5343511450381679,0.5954198473282443,-1.1145038167938932,9.78550111290185
3,1633253653.2216496,-8.888473663330078,-3.5913024902343746,-1.9620482604980467,0.549618320610687,0.6106870229007634,-0.8396946564885496,9.78529769688176
3,1633253653.268513,-8.882488159179687,-3.611653204345703,-1.9476830505371092,0.5801526717557252,0.6412213740458015,-0.5343511450381679,9.784482818819678
3,1633253653.3153772,-8.876502655029297,-3.6332010192871094,-1.926135235595703,0.6412213740458015,0.7022900763358778,-0.21374045801526717,9.7827626965543
3,1633253653.330998,-8.87410845336914,-3.6367923217773437,-1.9201497314453124,0.7786259541984732,0.7786259541984732,0.4732824427480916,9.78074814240024
3,1633253653.3622422,-8.872911352539061,-3.6332010192871094,-1.916558428955078,0.8549618320610687,0.8396946564885496,0.7938931297709924,9.777622498755216
3,1633253653.3622422,-8.871714251708983,-3.630806817626953,-1.9093758239746093,0.9312977099236641,0.8854961832061069,1.083969465648855,9.774241042049319
3,1633253653.424726,-8.865728747558594,-3.6200329101562496,-1.9021932189941406,1.0381679389312977,1.0229007633587786,1.6030534351145038,9.763407373365535
3,1633253653.4872122,-8.864531646728516,-3.611653204345703,-1.9021932189941406,1.0534351145038168,1.0687022900763359,1.786259541984733,9.75921611742968
3,1633253653.5497022,-8.866925848388671,-3.6008792968749996,-1.905784521484375,1.0687022900763359,1.099236641221374,1.9236641221374047,9.758110490961638
3,1633253653.6121829,-8.870517150878905,-3.574543078613281,-1.917755529785156,1.0534351145038168,1.1145038167938932,2.0,9.754036037298636
3,1633253653.7215319,-8.901641772460938,-3.5589807678222654,-1.9285294372558592,0.9312977099236641,1.099236641221374,2.030534351145038,9.778793184300026
3,1633253653.8308814,-8.920795385742187,-3.5494039611816404,-1.9333178405761717,0.8549618320610687,1.0687022900763359,1.984732824427481,9.793700866711273
3,1633253653.8621247,-8.936357696533202,-3.5434184570312497,-1.9416975463867185,0.7480916030534351,1.0381679389312977,1.9389312977099236,9.807369300870755
3,1633253653.9089892,-8.966285217285156,-3.5398271545410154,-1.9405004455566406,0.5190839694656488,0.9465648854961832,1.816793893129771,9.833116945350431
3,1633253653.9402306,-8.978256225585938,-3.5398271545410154,-1.9428946472167967,0.42748091603053434,0.8854961832061069,1.7557251908396947,9.844506119988054
3,1633253653.9714768,-8.987833032226561,-3.537432952880859,-1.9381062438964842,0.3511450381679389,0.8396946564885496,1.6946564885496183,9.851437982545534
3,1633253654.080797,-8.985438830566405,-3.5302503479003904,-1.9381062438964842,0.2900763358778626,0.7938931297709924,1.6488549618320612,9.846676307736125
3,1633253654.080797,-8.97705912475586,-3.508702532958984,-1.9237410339355467,0.2595419847328244,0.7786259541984732,1.5877862595419847,9.828497523009437
3,1633253654.127687,-8.967482318115234,-3.5015199279785154,-1.9225439331054686,0.22900763358778625,0.8396946564885496,1.5419847328244274,9.816952485698435
3,1633253654.184021,-8.96269391479492,-3.5015199279785154,-1.917755529785156,0.21374045801526717,0.9465648854961832,1.4961832061068703,9.811641569500697
3,1633253654.246506,-8.955511309814453,-3.5015199279785154,-1.915361328125,0.21374045801526717,1.0687022900763359,1.4351145038167938,9.804612875760164
3,1633253654.3245876,-8.941146099853515,-3.4931402221679684,-1.9237410339355467,0.33587786259541985,1.3587786259541985,1.2671755725190839,9.790143091717344
3,1633253654.3245876,-8.942343200683593,-3.479972113037109,-1.936909143066406,0.3969465648854962,1.5419847328244274,1.1603053435114503,9.7891432135209
3,1633253654.387073,-8.942343200683593,-3.4620156005859375,-1.9428946472167967,0.48854961832061067,1.6946564885496183,1.083969465648855,9.783961035679578
3,1633253654.4183161,-8.932766394042968,-3.438073583984375,-1.956062756347656,0.5801526717557252,1.816793893129771,1.0076335877862594,9.769383139492737
3,1633253654.4964268,-8.895656268310546,-3.4105402648925778,-1.9883844787597655,0.6717557251908397,1.9541984732824427,0.8396946564885496,9.732325424982406
3,1633253654.5901735,-8.883685260009765,-3.400963458251953,-1.9955670837402342,0.6564885496183206,2.015267175572519,0.6717557251908397,9.71950123355038
4,1633253652.9706545,-8.936357696533202,-3.418919970703125,-2.0350714111328125,0.8702290076335878,0.6870229007633588,-1.8625954198473282,9.782076379525511
4,1633253653.017518,-8.926780889892578,-3.450044592285156,-2.0266917053222655,0.732824427480916,0.6259541984732825,-1.83206106870229,9.782520330330494
4,1633253653.0800025,-8.916006982421875,-3.4871547180175777,-2.013523596191406,0.6259541984732825,0.5954198473282443,-1.7251908396946565,9.783133741823601
4,1633253653.1112459,-8.89924757080078,-3.5434184570312497,-1.9907786804199217,0.5648854961832062,0.5801526717557252,-1.5572519083969465,9.783436075451599
4,1633253653.1904073,-8.894459167480468,-3.5697546752929687,-1.9752163696289062,0.5343511450381679,0.5954198473282443,-1.1145038167938932,9.78550111290185
4,1633253653.2216496,-8.888473663330078,-3.5913024902343746,-1.9620482604980467,0.549618320610687,0.6106870229007634,-0.8396946564885496,9.78529769688176
4,1633253653.268513,-8.882488159179687,-3.611653204345703,-1.9476830505371092,0.5801526717557252,0.6412213740458015,-0.5343511450381679,9.784482818819678
4,1633253653.3153772,-8.876502655029297,-3.6332010192871094,-1.926135235595703,0.6412213740458015,0.7022900763358778,-0.21374045801526717,9.7827626965543
4,1633253653.330998,-8.87410845336914,-3.6367923217773437,-1.9201497314453124,0.7786259541984732,0.7786259541984732,0.4732824427480916,9.78074814240024
4,1633253653.3622422,-8.872911352539061,-3.6332010192871094,-1.916558428955078,0.8549618320610687,0.8396946564885496,0.7938931297709924,9.777622498755216
4,1633253653.3622422,-8.871714251708983,-3.630806817626953,-1.9093758239746093,0.9312977099236641,0.8854961832061069,1.083969465648855,9.774241042049319
4,1633253653.424726,-8.865728747558594,-3.6200329101562496,-1.9021932189941406,1.0381679389312977,1.0229007633587786,1.6030534351145038,9.763407373365535
4,1633253653.4872122,-8.864531646728516,-3.611653204345703,-1.9021932189941406,1.0534351145038168,1.0687022900763359,1.786259541984733,9.75921611742968
4,1633253653.5497022,-8.866925848388671,-3.6008792968749996,-1.905784521484375,1.0687022900763359,1.099236641221374,1.9236641221374047,9.758110490961638
4,1633253653.6121829,-8.870517150878905,-3.574543078613281,-1.917755529785156,1.0534351145038168,1.1145038167938932,2.0,9.754036037298636
4,1633253653.7215319,-8.901641772460938,-3.5589807678222654,-1.9285294372558592,0.9312977099236641,1.099236641221374,2.030534351145038,9.778793184300026
4,1633253653.8308814,-8.920795385742187,-3.5494039611816404,-1.9333178405761717,0.8549618320610687,1.0687022900763359,1.984732824427481,9.793700866711273
4,1633253653.8621247,-8.936357696533202,-3.5434184570312497,-1.9416975463867185,0.7480916030534351,1.0381679389312977,1.9389312977099236,9.807369300870755
4,1633253653.9089892,-8.966285217285156,-3.5398271545410154,-1.9405004455566406,0.5190839694656488,0.9465648854961832,1.816793893129771,9.833116945350431
4,1633253653.9402306,-8.978256225585938,-3.5398271545410154,-1.9428946472167967,0.42748091603053434,0.8854961832061069,1.7557251908396947,9.844506119988054
4,1633253653.9714768,-8.987833032226561,-3.537432952880859,-1.9381062438964842,0.3511450381679389,0.8396946564885496,1.6946564885496183,9.851437982545534
4,1633253654.080797,-8.985438830566405,-3.5302503479003904,-1.9381062438964842,0.2900763358778626,0.7938931297709924,1.6488549618320612,9.846676307736125
4,1633253654.080797,-8.97705912475586,-3.508702532958984,-1.9237410339355467,0.2595419847328244,0.7786259541984732,1.5877862595419847,9.828497523009437
4,1633253654.127687,-8.967482318115234,-3.5015199279785154,-1.9225439331054686,0.22900763358778625,0.8396946564885496,1.5419847328244274,9.816952485698435
4,1633253654.184021,-8.96269391479492,-3.5015199279785154,-1.917755529785156,0.21374045801526717,0.9465648854961832,1.4961832061068703,9.811641569500697
4,1633253654.246506,-8.955511309814453,-3.5015199279785154,-1.915361328125,0.21374045801526717,1.0687022900763359,1.4351145038167938,9.804612875760164
4,1633253654.3245876,-8.941146099853515,-3.4931402221679684,-1.9237410339355467,0.33587786259541985,1.3587786259541985,1.2671755725190839,9.790143091717344
4,1633253654.3245876,-8.942343200683593,-3.479972113037109,-1.936909143066406,0.3969465648854962,1.5419847328244274,1.1603053435114503,9.7891432135209
4,1633253654.387073,-8.942343200683593,-3.4620156005859375,-1.9428946472167967,0.48854961832061067,1.6946564885496183,1.083969465648855,9.783961035679578
4,1633253654.4183161,-8.932766394042968,-3.438073583984375,-1.956062756347656,0.5801526717557252,1.816793893129771,1.0076335877862594,9.769383139492737
4,1633253654.4964268,-8.895656268310546,-3.4105402648925778,-1.9883844787597655,0.6717557251908397,1.9541984732824427,0.8396946564885496,9.732325424982406
4,1633253654.5901735,-8.883685260009765,-3.400963458251953,-1.9955670837402342,0.6564885496183206,2.015267175572519,0.6717557251908397,9.71950123355038
4,1633253654.6526587,-8.883685260009765,-3.404554760742187,-2.002749688720703,0.6259541984732825,2.015267175572519,0.48854961832061067,9.722235505966614
4,1633253654.6682816,-8.883685260009765,-3.4105402648925778,-2.0183119995117185,0.6106870229007634,1.984732824427481,0.32061068702290074,9.72755015534442
4,1633253654.6839075,-8.898050469970702,-3.4392706848144527,-2.021903302001953,0.5343511450381679,1.7709923664122138,-0.061068702290076333,9.751511573710832
4,1633253654.7620122,-8.912415679931641,-3.4668040039062498,-2.014720697021484,0.4732824427480916,1.6030534351145038,-0.2595419847328244,9.772869729020156
4,1633253654.793253,-8.933963494873046,-3.489548919677734,-2.01112939453125,0.42748091603053434,1.4198473282442747,-0.3969465648854962,9.799862082299724
4,1633253654.8713608,-8.973467822265624,-3.5482068603515624,-2.005143890380859,0.3969465648854962,1.0381679389312977,-0.4732824427480916,9.855632841284933
4,1633253654.8713608,-8.975862023925782,-3.5709517761230467,-1.9919757812499999,0.42748091603053434,0.8702290076335878,-0.4122137404580153,9.863354559835914
4,1633253654.9963377,-8.974664923095702,-3.592499591064453,-1.9859902770996092,0.48854961832061067,0.7022900763358778,-0.32061068702290074,9.868881455077714
4,1633253655.152549,-8.967482318115234,-3.630806817626953,-1.9500772521972656,0.549618320610687,0.5954198473282443,-0.21374045801526717,9.869209621959246
4,1633253655.152549,-8.954314208984375,-3.6427778259277344,-1.935712042236328,0.7175572519083969,0.5343511450381679,0.030534351145038167,9.858831287366115
4,1633253655.2462757,-8.941146099853515,-3.6547488342285153,-1.915361328125,0.8244274809160306,0.5648854961832062,0.16793893129770993,9.84732916264594
4,1633253655.324378,-8.9255837890625,-3.6631285400390623,-1.9009961181640624,0.9770992366412213,0.6259541984732825,0.2900763358778626,9.833531558788982
4,1633253655.4024858,-8.911218579101561,-3.6667198425292966,-1.887828009033203,1.099236641221374,0.732824427480916,0.366412213740458,9.81929455509983
4,1633253655.4649699,-8.889670764160156,-3.6631285400390623,-1.867477294921875,1.4198473282442747,0.9770992366412213,0.4732824427480916,9.794499907757478
4,1633253655.5430775,-8.884882360839843,-3.6523546325683593,-1.8602946899414061,1.5725190839694656,1.099236641221374,0.5038167938931297,9.784759846896128
4,1633253655.6524353,-8.877699755859375,-3.6379894226074216,-1.8531120849609375,1.6946564885496183,1.1908396946564885,0.5190839694656488,9.771516995513919
4,1633253655.7305357,-8.87410845336914,-3.602076397705078,-1.8375497741699218,1.786259541984733,1.282442748091603,0.5190839694656488,9.751991816527203
4,1633253655.7305357,-8.88009395751953,-3.574543078613281,-1.839943975830078,1.8778625954198473,1.450381679389313,0.549618320610687,9.747759781069206
4,1633253655.7305357,-8.88009395751953,-3.5517981628417967,-1.8543091857910154,1.8473282442748091,1.4961832061068703,0.5801526717557252,9.742166157505741
4,1633253655.8100271,-8.883685260009765,-3.5314474487304683,-1.8614917907714843,1.7557251908396947,1.5419847328244274,0.6259541984732825,9.739411510413209
4,1633253655.8881423,-8.910021478271483,-3.497928625488281,-1.8722656982421875,1.5877862595419847,1.5725190839694656,0.732824427480916,9.75342843604667
4,1633253655.8881423,-8.926780889892578,-3.4907460205078125,-1.8806454040527343,1.1908396946564885,1.5725190839694656,0.8091603053435115,9.767781322881216
4,1633253655.8881423,-8.943540301513671,-3.4907460205078125,-1.8854338073730468,0.9618320610687023,1.5419847328244274,0.9007633587786259,9.784021747036114
4,1633253655.8881423,-8.96269391479492,-3.489548919677734,-1.889025109863281,0.7480916030534351,1.4961832061068703,1.0076335877862594,9.801798291069854
4,1633253656.013108,-8.991424334716797,-3.4955344238281247,-1.8818425048828125,0.3816793893129771,1.3435114503816794,1.2213740458015268,9.828825142828029
4,1633253656.153719,-8.999804040527343,-3.496731524658203,-1.8770541015625,0.24427480916030533,1.282442748091603,1.3282442748091603,9.836002044714274
4,1633253656.2953672,-8.991424334716797,-3.4919431213378904,-1.8830396057128904,0.13740458015267176,1.1908396946564885,1.4351145038167938,9.827777800005439
4,1633253656.3734765,-8.97705912475586,-3.4859576171874997,-1.8914193115234375,0.07633587786259542,1.1145038167938932,1.4961832061068703,9.81412034011168
4,1633253656.482823,-8.954314208984375,-3.4715924072265625,-1.9033903198242186,-0.04580152671755725,1.0534351145038168,1.5267175572519085,9.790535812953912
4,1633253656.56093,-8.941146099853515,-3.4584242980957027,-1.9129671264648436,-0.061068702290076333,1.0687022900763359,1.5267175572519085,9.775696160965706
4,1633253656.6234152,-8.971073620605468,-3.507505432128906,-1.9919757812499999,0.07633587786259542,1.6641221374045803,0.8854961832061069,9.836194577976974
4,1633253656.6858752,-8.978256225585938,-3.517082238769531,-1.9967641845703124,0.16793893129770993,1.7099236641221374,0.7938931297709924,9.847132553963284
5,1633253654.6526587,-8.883685260009765,-3.404554760742187,-2.002749688720703,0.6259541984732825,2.015267175572519,0.48854961832061067,9.722235505966614
5,1633253654.6682816,-8.883685260009765,-3.4105402648925778,-2.0183119995117185,0.6106870229007634,1.984732824427481,0.32061068702290074,9.72755015534442
5,1633253654.6839075,-8.898050469970702,-3.4392706848144527,-2.021903302001953,0.5343511450381679,1.7709923664122138,-0.061068702290076333,9.751511573710832
5,1633253654.7620122,-8.912415679931641,-3.4668040039062498,-2.014720697021484,0.4732824427480916,1.6030534351145038,-0.2595419847328244,9.772869729020156
5,1633253654.793253,-8.933963494873046,-3.489548919677734,-2.01112939453125,0.42748091603053434,1.4198473282442747,-0.3969465648854962,9.799862082299724
5,1633253654.8713608,-8.973467822265624,-3.5482068603515624,-2.005143890380859,0.3969465648854962,1.0381679389312977,-0.4732824427480916,9.855632841284933
5,1633253654.8713608,-8.975862023925782,-3.5709517761230467,-1.9919757812499999,0.42748091603053434,0.8702290076335878,-0.4122137404580153,9.863354559835914
5,1633253654.9963377,-8.974664923095702,-3.592499591064453,-1.9859902770996092,0.48854961832061067,0.7022900763358778,-0.32061068702290074,9.868881455077714
5,1633253655.152549,-8.967482318115234,-3.630806817626953,-1.9500772521972656,0.549618320610687,0.5954198473282443,-0.21374045801526717,9.869209621959246
5,1633253655.152549,-8.954314208984375,-3.6427778259277344,-1.935712042236328,0.7175572519083969,0.5343511450381679,0.030534351145038167,9.858831287366115
5,1633253655.2462757,-8.941146099853515,-3.6547488342285153,-1.915361328125,0.8244274809160306,0.5648854961832062,0.16793893129770993,9.84732916264594
5,1633253655.324378,-8.9255837890625,-3.6631285400390623,-1.9009961181640624,0.9770992366412213,0.6259541984732825,0.2900763358778626,9.833531558788982
5,1633253655.4024858,-8.911218579101561,-3.6667198425292966,-1.887828009033203,1.099236641221374,0.732824427480916,0.366412213740458,9.81929455509983
5,1633253655.4649699,-8.889670764160156,-3.6631285400390623,-1.867477294921875,1.4198473282442747,0.9770992366412213,0.4732824427480916,9.794499907757478
5,1633253655.5430775,-8.884882360839843,-3.6523546325683593,-1.8602946899414061,1.5725190839694656,1.099236641221374,0.5038167938931297,9.784759846896128
5,1633253655.6524353,-8.877699755859375,-3.6379894226074216,-1.8531120849609375,1.6946564885496183,1.1908396946564885,0.5190839694656488,9.771516995513919
5,1633253655.7305357,-8.87410845336914,-3.602076397705078,-1.8375497741699218,1.786259541984733,1.282442748091603,0.5190839694656488,9.751991816527203
5,1633253655.7305357,-8.88009395751953,-3.574543078613281,-1.839943975830078,1.8778625954198473,1.450381679389313,0.549618320610687,9.747759781069206
5,1633253655.7305357,-8.88009395751953,-3.5517981628417967,-1.8543091857910154,1.8473282442748091,1.4961832061068703,0.5801526717557252,9.742166157505741
5,1633253655.8100271,-8.883685260009765,-3.5314474487304683,-1.8614917907714843,1.7557251908396947,1.5419847328244274,0.6259541984732825,9.739411510413209
5,1633253655.8881423,-8.910021478271483,-3.497928625488281,-1.8722656982421875,1.5877862595419847,1.5725190839694656,0.732824427480916,9.75342843604667
5,1633253655.8881423,-8.926780889892578,-3.4907460205078125,-1.8806454040527343,1.1908396946564885,1.5725190839694656,0.8091603053435115,9.767781322881216
5,1633253655.8881423,-8.943540301513671,-3.4907460205078125,-1.8854338073730468,0.9618320610687023,1.5419847328244274,0.9007633587786259,9.784021747036114
5,1633253655.8881423,-8.96269391479492,-3.489548919677734,-1.889025109863281,0.7480916030534351,1.4961832061068703,1.0076335877862594,9.801798291069854
5,1633253656.013108,-8.991424334716797,-3.4955344238281247,-1.8818425048828125,0.3816793893129771,1.3435114503816794,1.2213740458015268,9.828825142828029
5,1633253656.153719,-8.999804040527343,-3.496731524658203,-1.8770541015625,0.24427480916030533,1.282442748091603,1.3282442748091603,9.836002044714274
5,1633253656.2953672,-8.991424334716797,-3.4919431213378904,-1.8830396057128904,0.13740458015267176,1.1908396946564885,1.4351145038167938,9.827777800005439
5,1633253656.3734765,-8.97705912475586,-3.4859576171874997,-1.8914193115234375,0.07633587786259542,1.1145038167938932,1.4961832061068703,9.81412034011168
5,1633253656.482823,-8.954314208984375,-3.4715924072265625,-1.9033903198242186,-0.04580152671755725,1.0534351145038168,1.5267175572519085,9.790535812953912
5,1633253656.56093,-8.941146099853515,-3.4584242980957027,-1.9129671264648436,-0.061068702290076333,1.0687022900763359,1.5267175572519085,9.775696160965706
5,1633253656.6234152,-8.971073620605468,-3.507505432128906,-1.9919757812499999,0.07633587786259542,1.6641221374045803,0.8854961832061069,9.836194577976974
5,1633253656.6858752,-8.978256225585938,-3.517082238769531,-1.9967641845703124,0.16793893129770993,1.7099236641221374,0.7938931297709924,9.847132553963284
5,1633253656.7327623,-8.88009395751953,-3.536235852050781,-1.9512743530273435,0.6717557251908397,0.9007633587786259,-0.5801526717557252,9.755434603157692
5,1633253656.7327623,-8.866925848388671,-3.5613749694824217,-1.946485949707031,0.5954198473282443,0.8854961832061069,-0.6106870229007634,9.751644642135293
5,1633253656.7952547,-8.864531646728516,-3.5805285827636717,-1.93451494140625,0.5190839694656488,0.8702290076335878,-0.5801526717557252,9.754099359057351
5,1633253656.8108723,-8.866925848388671,-3.6008792968749996,-1.9189526306152342,0.5038167938931297,0.9007633587786259,-0.5190839694656488,9.760690800861958
5,1633253656.8889797,-8.870517150878905,-3.6164416076660153,-1.917755529785156,0.5190839694656488,0.9312977099236641,-0.4122137404580153,9.76946829145355
5,1633253656.982706,-8.88607946166992,-3.6451720275878903,-1.8950106140136718,0.5648854961832062,0.9923664122137404,-0.15267175572519084,9.789829035128534
5,1633253657.123301,-8.8872765625,-3.651157531738281,-1.897404815673828,0.6717557251908397,1.1297709923664123,0.015267175572519083,9.793609194493786
5,1633253657.2951326,-8.888473663330078,-3.6535517333984373,-1.8997990173339843,0.7480916030534351,1.1908396946564885,0.183206106870229,9.796052298686156
5,1633253657.3888612,-8.88607946166992,-3.6487633300781246,-1.89620771484375,0.7938931297709924,1.251908396946565,0.3511450381679389,9.791398558728357
5,1633253657.4982107,-8.88009395751953,-3.6332010192871094,-1.8997990173339843,0.8854961832061069,1.4045801526717556,0.6259541984732825,9.780871875614512
5,1633253657.5450745,-8.876502655029297,-3.6248213134765623,-1.9021932189941406,0.9007633587786259,1.4961832061068703,0.7480916030534351,9.7749663928713
5,1633253657.6856656,-8.878896856689453,-3.6152445068359373,-1.9033903198242186,0.8854961832061069,1.5877862595419847,0.8549618320610687,9.77382713912712
5,1633253657.826258,-8.884882360839843,-3.5984850952148437,-1.915361328125,0.8244274809160306,1.6641221374045803,0.9312977099236641,9.775420122108468
5,1633253657.9512286,-8.894459167480468,-3.5889082885742187,-1.917755529785156,0.5648854961832062,1.7404580152671756,1.0687022900763359,9.781076262753277
5,1633253658.044958,-8.895656268310546,-3.5877111877441403,-1.9201497314453124,0.42748091603053434,1.7557251908396947,1.1450381679389312,9.782195408075157
5,1633253658.1230602,-8.89924757080078,-3.5877111877441403,-1.9225439331054686,0.2900763358778626,1.7404580152671756,1.2061068702290076,9.785931435882263
5,1633253658.1699288,-8.910021478271483,-3.5889082885742187,-1.9225439331054686,0.13740458015267176,1.6946564885496183,1.251908396946565,9.796168670545466
5,1633253658.1855462,-8.929175091552734,-3.5960908935546874,-1.9093758239746093,0.0,1.618320610687023,1.3587786259541985,9.813651388117037
5,1633253658.2167914,-8.929175091552734,-3.5972879943847653,-1.9033903198242186,-0.1984732824427481,1.4198473282442747,1.450381679389313,9.8129273634197
5,1633253658.357383,-8.93156929321289,-3.5877111877441403,-1.9045874206542968,-0.1984732824427481,1.3129770992366412,1.5267175572519085,9.811832389979074
5,1633253658.3730075,-8.927977990722656,-3.5781343811035153,-1.9021932189941406,-0.183206106870229,1.2061068702290076,1.5877862595419847,9.804599721276258
5,1633253658.4667084,-8.926780889892578,-3.5577836669921874,-1.9201497314453124,-0.15267175572519084,1.0534351145038168,1.7099236641221374,9.799602883200789
5,1633253658.5917034,-8.92438668823242,-3.544615557861328,-1.924938134765625,-0.13740458015267176,1.0076335877862594,1.7557251908396947,9.79358790417524
5,1633253658.6698096,-8.921992486572265,-3.535038751220703,-1.9309236389160156,-0.13740458015267176,0.9923664122137404,1.786259541984733,9.789122279469627
5,1633253658.779159,-8.926780889892578,-3.5218706420898434,-1.9297265380859374,-0.10687022900763359,0.9923664122137404,1.8015267175572518,9.788505217220798
5,1633253658.8416448,-8.93156929321289,-3.508702532958984,-1.9297265380859374,-0.07633587786259542,1.0381679389312977,1.8015267175572518,9.788144258032231
5,1633253658.8416448,-8.936357696533202,-3.5027170288085934,-1.935712042236328,-0.04580152671755725,1.083969465648855,1.8015267175572518,9.791552306695431
5,1633253658.9197514,-8.941146099853515,-3.5039141296386718,-1.9309236389160156,-0.015267175572519083,1.1603053435114503,1.7709923664122138,9.795405755053332
5,1633253658.9353728,-8.950722906494141,-3.507505432128906,-1.9333178405761717,0.030534351145038167,1.2213740458015268,1.7251908396946565,9.805903975562009
5,1633253658.9509962,-8.966285217285156,-3.5003228271484375,-1.9285294372558592,0.1984732824427481,1.3282442748091603,1.633587786259542,9.816606148884917
5,1633253658.9509962,-8.973467822265624,-3.4919431213378904,-1.9237410339355467,0.32061068702290074,1.3893129770992367,1.6030534351145038,9.819244934593646
5,1633253658.9509962,-8.981847528076171,-3.479972113037109,-1.9309236389160156,0.4122137404580153,1.465648854961832,1.5725190839694656,9.824065198503554
6,1633253656.7327623,-8.88009395751953,-3.536235852050781,-1.9512743530273435,0.6717557251908397,0.9007633587786259,-0.5801526717557252,9.755434603157692
6,1633253656.7327623,-8.866925848388671,-3.5613749694824217,-1.946485949707031,0.5954198473282443,0.8854961832061069,-0.6106870229007634,9.751644642135293
6,1633253656.7952547,-8.864531646728516,-3.5805285827636717,-1.93451494140625,0.5190839694656488,0.8702290076335878,-0.5801526717557252,9.754099359057351
6,1633253656.8108723,-8.866925848388671,-3.6008792968749996,-1.9189526306152342,0.5038167938931297,0.9007633587786259,-0.5190839694656488,9.760690800861958
6,1633253656.8889797,-8.870517150878905,-3.6164416076660153,-1.917755529785156,0.5190839694656488,0.9312977099236641,-0.4122137404580153,9.76946829145355
6,1633253656.982706,-8.88607946166992,-3.6451720275878903,-1.8950106140136718,0.5648854961832062,0.9923664122137404,-0.15267175572519084,9.789829035128534
6,1633253657.123301,-8.8872765625,-3.651157531738281,-1.897404815673828,0.6717557251908397,1.1297709923664123,0.015267175572519083,9.793609194493786
6,1633253657.2951326,-8.888473663330078,-3.6535517333984373,-1.8997990173339843,0.7480916030534351,1.1908396946564885,0.183206106870229,9.796052298686156
6,1633253657.3888612,-8.88607946166992,-3.6487633300781246,-1.89620771484375,0.7938931297709924,1.251908396946565,0.3511450381679389,9.791398558728357
6,1633253657.4982107,-8.88009395751953,-3.6332010192871094,-1.8997990173339843,0.8854961832061069,1.4045801526717556,0.6259541984732825,9.780871875614512
6,1633253657.5450745,-8.876502655029297,-3.6248213134765623,-1.9021932189941406,0.9007633587786259,1.4961832061068703,0.7480916030534351,9.7749663928713
6,1633253657.6856656,-8.878896856689453,-3.6152445068359373,-1.9033903198242186,0.8854961832061069,1.5877862595419847,0.8549618320610687,9.77382713912712
6,1633253657.826258,-8.884882360839843,-3.5984850952148437,-1.915361328125,0.8244274809160306,1.6641221374045803,0.9312977099236641,9.775420122108468
6,1633253657.9512286,-8.894459167480468,-3.5889082885742187,-1.917755529785156,0.5648854961832062,1.7404580152671756,1.0687022900763359,9.781076262753277
6,1633253658.044958,-8.895656268310546,-3.5877111877441403,-1.9201497314453124,0.42748091603053434,1.7557251908396947,1.1450381679389312,9.782195408075157
6,1633253658.1230602,-8.89924757080078,-3.5877111877441403,-1.9225439331054686,0.2900763358778626,1.7404580152671756,1.2061068702290076,9.785931435882263
6,1633253658.1699288,-8.910021478271483,-3.5889082885742187,-1.9225439331054686,0.13740458015267176,1.6946564885496183,1.251908396946565,9.796168670545466
6,1633253658.1855462,-8.929175091552734,-3.5960908935546874,-1.9093758239746093,0.0,1.618320610687023,1.3587786259541985,9.813651388117037
6,1633253658.2167914,-8.929175091552734,-3.5972879943847653,-1.9033903198242186,-0.1984732824427481,1.4198473282442747,1.450381679389313,9.8129273634197
6,1633253658.357383,-8.93156929321289,-3.5877111877441403,-1.9045874206542968,-0.1984732824427481,1.3129770992366412,1.5267175572519085,9.811832389979074
6,1633253658.3730075,-8.927977990722656,-3.5781343811035153,-1.9021932189941406,-0.183206106870229,1.2061068702290076,1.5877862595419847,9.804599721276258
6,1633253658.4667084,-8.926780889892578,-3.5577836669921874,-1.9201497314453124,-0.15267175572519084,1.0534351145038168,1.7099236641221374,9.799602883200789
6,1633253658.5917034,-8.92438668823242,-3.544615557861328,-1.924938134765625,-0.13740458015267176,1.0076335877862594,1.7557251908396947,9.79358790417524
6,1633253658.6698096,-8.921992486572265,-3.535038751220703,-1.9309236389160156,-0.13740458015267176,0.9923664122137404,1.786259541984733,9.789122279469627
6,1633253658.779159,-8.926780889892578,-3.5218706420898434,-1.9297265380859374,-0.10687022900763359,0.9923664122137404,1.8015267175572518,9.788505217220798
6,1633253658.8416448,-8.93156929321289,-3.508702532958984,-1.9297265380859374,-0.07633587786259542,1.0381679389312977,1.8015267175572518,9.788144258032231
6,1633253658.8416448,-8.936357696533202,-3.5027170288085934,-1.935712042236328,-0.04580152671755725,1.083969465648855,1.8015267175572518,9.791552306695431
6,1633253658.9197514,-8.941146099853515,-3.5039141296386718,-1.9309236389160156,-0.015267175572519083,1.1603053435114503,1.7709923664122138,9.795405755053332
6,1633253658.9353728,-8.950722906494141,-3.507505432128906,-1.9333178405761717,0.030534351145038167,1.2213740458015268,1.7251908396946565,9.805903975562009
6,1633253658.9509962,-8.966285217285156,-3.5003228271484375,-1.9285294372558592,0.1984732824427481,1.3282442748091603,1.633587786259542,9.816606148884917
6,1633253658.9509962,-8.973467822265624,-3.4919431213378904,-1.9237410339355467,0.32061068702290074,1.3893129770992367,1.6030534351145038,9.819244934593646
6,1633253658.9509962,-8.981847528076171,-3.479972113037109,-1.9309236389160156,0.4122137404580153,1.465648854961832,1.5725190839694656,9.824065198503554
6,1633253658.9509962,-8.990227233886719,-3.4763808105468748,-1.9428946472167967,0.4732824427480916,1.5725190839694656,1.5419847328244274,9.832814900476906
6,1633253658.9509962,-9.003395343017578,-3.4775779113769527,-1.944091748046875,0.5190839694656488,1.7404580152671756,1.5725190839694656,9.845515149406427
6,1633253658.9509962,-9.005789544677734,-3.465606903076172,-1.9524714538574217,0.6259541984732825,1.8015267175572518,1.5572519083969465,9.845142015623955
6,1633253658.9509962,-9.00818374633789,-3.447650390625,-1.9632453613281249,0.6870229007633588,1.8625954198473282,1.5114503816793894,9.84317021962636
6,1633253659.0134842,-9.009380847167968,-3.4332851806640625,-1.9752163696289062,0.7175572519083969,1.9236641221374047,1.4351145038167938,9.841639603639958
6,1633253659.0603433,-9.006986645507812,-3.4093431640625,-1.993172882080078,0.7175572519083969,1.9694656488549618,1.1755725190839694,9.83474287312867
6,1633253659.107212,-8.997409838867187,-3.4057518615722655,-2.000355487060547,0.7022900763358778,1.9389312977099236,1.0229007633587786,9.826187033929298
6,1633253659.216556,-8.984241729736327,-3.400963458251953,-2.005143890380859,0.6717557251908397,1.8778625954198473,0.7938931297709924,9.813447606413986
6,1633253659.3102603,-8.971073620605468,-3.4057518615722655,-2.001552587890625,0.6106870229007634,1.8015267175572518,0.5038167938931297,9.802322194817814
6,1633253659.435255,-8.936357696533202,-3.4249054748535155,-2.000355487060547,0.549618320610687,1.5725190839694656,-0.10687022900763359,9.777008155191599
6,1633253659.51336,-8.919598284912109,-3.436876483154297,-2.000355487060547,0.4122137404580153,1.4351145038167938,-0.42748091603053434,9.765898606850232
6,1633253659.560226,-8.896853369140624,-3.456030096435547,-1.9979612854003905,0.33587786259541985,1.297709923664122,-0.7175572519083969,9.751409805634053
6,1633253659.6070898,-8.875305554199219,-3.506308331298828,-1.9895815795898437,0.2595419847328244,1.1908396946564885,-0.9923664122137404,9.748009112448464
6,1633253659.669575,-8.853757739257812,-3.5386300537109374,-1.9847931762695312,0.030534351145038167,1.0381679389312977,-1.4351145038167938,9.739113548730192
6,1633253659.7008178,-8.853757739257812,-3.5721488769531247,-1.9728221679687499,-0.04580152671755725,0.9923664122137404,-1.5572519083969465,9.74891281174542
6,1633253659.7633035,-8.852560638427734,-3.602076397705078,-1.9620482604980467,-0.04580152671755725,0.9618320610687023,-1.5877862595419847,9.756660166699845
6,1633253659.888274,-8.850166436767578,-3.6260184143066403,-1.9608511596679685,-0.030534351145038167,0.916030534351145,-1.5114503816793894,9.763113886959907
6,1633253659.966381,-8.845378033447265,-3.6391865234374996,-1.954865655517578,0.030534351145038167,0.9007633587786259,-1.1755725190839694,9.762473602426933
6,1633253660.0132413,-8.840589630126953,-3.651157531738281,-1.946485949707031,0.04580152671755725,0.9312977099236641,-0.916030534351145,9.760931506894424
6,1633253660.0757263,-8.846575134277343,-3.6559459350585937,-1.9428946472167967,0.10687022900763359,1.0076335877862594,-0.6106870229007634,9.767429134458531
6,1633253660.1069727,-8.865728747558594,-3.6715082458496093,-1.9416975463867185,0.1984732824427481,1.1297709923664123,0.13740458015267176,9.79036814355174
6,1633253660.1382134,-8.871714251708983,-3.6810850524902343,-1.944091748046875,0.33587786259541985,1.1603053435114503,0.5038167938931297,9.799856817957458
6,1633253660.2788067,-8.877699755859375,-3.688267657470703,-1.9416975463867185,0.44274809160305345,1.1755725190839694,0.8396946564885496,9.807500223297179
6,1633253660.372539,-8.90044467163086,-3.688267657470703,-1.9393033447265624,0.549618320610687,1.2671755725190839,1.4045801526717556,9.827620827482825
6,1633253660.419399,-8.908824377441405,-3.679887951660156,-1.9393033447265624,0.7633587786259542,1.297709923664122,1.6641221374045803,9.832071225725302
6,1633253660.5131254,-8.916006982421875,-3.6631285400390623,-1.946485949707031,0.8854961832061069,1.3282442748091603,1.8625954198473282,9.833742866470082
6,1633253660.622452,-8.9255837890625,-3.6391865234374996,-1.956062756347656,0.9465648854961832,1.3587786259541985,2.015267175572519,9.835441323840778
6,1633253660.6862583,-8.936357696533202,-3.5913024902343746,-1.9704279663085937,0.9923664122137404,1.4351145038167938,2.213740458015267,9.830489755203594
6,1633253660.7018821,-8.943540301513671,-3.5769372802734374,-1.9788076721191405,0.9770992366412213,1.4809160305343512,2.2442748091603053,9.833466999743619
6,1633253660.7331264,-8.943540301513671,-3.5673604736328124,-1.9776105712890624,0.9618320610687023,1.5267175572519085,2.2290076335877864,9.829746560583912
6,1633253660.7799866,-8.94473740234375,-3.5410242553710933,-1.9776105712890624,0.9465648854961832,1.5419847328244274,2.030534351145038,9.821309665502248
6,1633253660.7799866,-8.947131604003905,-3.527856146240234,-1.9728221679687499,0.9618320610687023,1.4961832061068703,1.8931297709923665,9.817787950162675
7,1633253658.9509962,-8.990227233886719,-3.4763808105468748,-1.9428946472167967,0.4732824427480916,1.5725190839694656,1.5419847328244274,9.832814900476906
7,1633253658.9509962,-9.003395343017578,-3.4775779113769527,-1.944091748046875,0.5190839694656488,1.7404580152671756,1.5725190839694656,9.845515149406427
7,1633253658.9509962,-9.005789544677734,-3.465606903076172,-1.9524714538574217,0.6259541984732825,1.8015267175572518,1.5572519083969465,9.845142015623955
7,1633253658.9509962,-9.00818374633789,-3.447650390625,-1.9632453613281249,0.6870229007633588,1.8625954198473282,1.5114503816793894,9.84317021962636
7,1633253659.0134842,-9.009380847167968,-3.4332851806640625,-1.9752163696289062,0.7175572519083969,1.9236641221374047,1.4351145038167938,9.841639603639958
7,1633253659.0603433,-9.006986645507812,-3.4093431640625,-1.993172882080078,0.7175572519083969,1.9694656488549618,1.1755725190839694,9.83474287312867
7,1633253659.107212,-8.997409838867187,-3.4057518615722655,-2.000355487060547,0.7022900763358778,1.9389312977099236,1.0229007633587786,9.826187033929298
7,1633253659.216556,-8.984241729736327,-3.400963458251953,-2.005143890380859,0.6717557251908397,1.8778625954198473,0.7938931297709924,9.813447606413986
7,1633253659.3102603,-8.971073620605468,-3.4057518615722655,-2.001552587890625,0.6106870229007634,1.8015267175572518,0.5038167938931297,9.802322194817814
7,1633253659.435255,-8.936357696533202,-3.4249054748535155,-2.000355487060547,0.549618320610687,1.5725190839694656,-0.10687022900763359,9.777008155191599
7,1633253659.51336,-8.919598284912109,-3.436876483154297,-2.000355487060547,0.4122137404580153,1.4351145038167938,-0.42748091603053434,9.765898606850232
7,1633253659.560226,-8.896853369140624,-3.456030096435547,-1.9979612854003905,0.33587786259541985,1.297709923664122,-0.7175572519083969,9.751409805634053
7,1633253659.6070898,-8.875305554199219,-3.506308331298828,-1.9895815795898437,0.2595419847328244,1.1908396946564885,-0.9923664122137404,9.748009112448464
7,1633253659.669575,-8.853757739257812,-3.5386300537109374,-1.9847931762695312,0.030534351145038167,1.0381679389312977,-1.4351145038167938,9.739113548730192
7,1633253659.7008178,-8.853757739257812,-3.5721488769531247,-1.9728221679687499,-0.04580152671755725,0.9923664122137404,-1.5572519083969465,9.74891281174542
7,1633253659.7633035,-8.852560638427734,-3.602076397705078,-1.9620482604980467,-0.04580152671755725,0.9618320610687023,-1.5877862595419847,9.756660166699845
7,1633253659.888274,-8.850166436767578,-3.6260184143066403,-1.9608511596679685,-0.030534351145038167,0.916030534351145,-1.5114503816793894,9.763113886959907
7,1633253659.966381,-8.845378033447265,-3.6391865234374996,-1.954865655517578,0.030534351145038167,0.9007633587786259,-1.1755725190839694,9.762473602426933
7,1633253660.0132413,-8.840589630126953,-3.651157531738281,-1.946485949707031,0.04580152671755725,0.9312977099236641,-0.916030534351145,9.760931506894424
7,1633253660.0757263,-8.846575134277343,-3.6559459350585937,-1.9428946472167967,0.10687022900763359,1.0076335877862594,-0.6106870229007634,9.767429134458531
7,1633253660.1069727,-8.865728747558594,-3.6715082458496093,-1.9416975463867185,0.1984732824427481,1.1297709923664123,0.13740458015267176,9.79036814355174
7,1633253660.1382134,-8.871714251708983,-3.6810850524902343,-1.944091748046875,0.33587786259541985,1.1603053435114503,0.5038167938931297,9.799856817957458
7,1633253660.2788067,-8.877699755859375,-3.688267657470703,-1.9416975463867185,0.44274809160305345,1.1755725190839694,0.8396946564885496,9.807500223297179
7,1633253660.372539,-8.90044467163086,-3.688267657470703,-1.9393033447265624,0.549618320610687,1.2671755725190839,1.4045801526717556,9.827620827482825
7,1633253660.419399,-8.908824377441405,-3.679887951660156,-1.9393033447265624,0.7633587786259542,1.297709923664122,1.6641221374045803,9.832071225725302
7,1633253660.5131254,-8.916006982421875,-3.6631285400390623,-1.946485949707031,0.8854961832061069,1.3282442748091603,1.8625954198473282,9.833742866470082
7,1633253660.622452,-8.9255837890625,-3.6391865234374996,-1.956062756347656,0.9465648854961832,1.3587786259541985,2.015267175572519,9.835441323840778
7,1633253660.6862583,-8.936357696533202,-3.5913024902343746,-1.9704279663085937,0.9923664122137404,1.4351145038167938,2.213740458015267,9.830489755203594
7,1633253660.7018821,-8.943540301513671,-3.5769372802734374,-1.9788076721191405,0.9770992366412213,1.4809160305343512,2.2442748091603053,9.833466999743619
7,1633253660.7331264,-8.943540301513671,-3.5673604736328124,-1.9776105712890624,0.9618320610687023,1.5267175572519085,2.2290076335877864,9.829746560583912
7,1633253660.7799866,-8.94473740234375,-3.5410242553710933,-1.9776105712890624,0.9465648854961832,1.5419847328244274,2.030534351145038,9.821309665502248
7,1633253660.7799866,-8.947131604003905,-3.527856146240234,-1.9728221679687499,0.9618320610687023,1.4961832061068703,1.8931297709923665,9.817787950162675
7,1633253660.8112285,-8.951920007324219,-3.5146880371093747,-1.9632453613281249,0.9465648854961832,1.450381679389313,1.7404580152671756,9.815509979848617
7,1633253660.8268526,-8.949525805664061,-3.4428619873046875,-1.9045874206542968,0.10687022900763359,0.8549618320610687,0.8549618320610687,9.77623465618482
7,1633253660.8268526,-8.954314208984375,-3.446453289794922,-1.9141642272949217,0.10687022900763359,1.099236641221374,0.8396946564885496,9.783752241395593
7,1633253660.8737144,-9.028534460449219,-3.499125726318359,-2.020706201171875,0.6259541984732825,2.2290076335877864,0.3969465648854962,9.89148972114699
7,1633253660.969675,-9.012972149658202,-3.4931402221679684,-2.023100402832031,0.732824427480916,1.984732824427481,0.13740458015267176,9.875658500686484
7,1633253661.07905,-8.965088116455078,-3.4811692138671875,-2.039859814453125,0.8091603053435115,1.450381679389313,-0.42748091603053434,9.831193828523649
7,1633253661.1102948,-8.93156929321289,-3.479972113037109,-2.041056915283203,0.732824427480916,1.1755725190839694,-0.7175572519083969,9.800461687002544
7,1633253661.1738586,-8.898050469970702,-3.4835634155273434,-2.0350714111328125,0.6106870229007634,0.9312977099236641,-0.9923664122137404,9.769955572291844
7,1633253661.267586,-8.870517150878905,-3.4871547180175777,-2.023100402832031,0.4580152671755725,0.732824427480916,-1.251908396946565,9.743677837006322
7,1633253661.2988288,-8.834604125976561,-3.517082238769531,-2.002749688720703,0.10687022900763359,0.48854961832061067,-1.6030534351145038,9.71756676605111
7,1633253661.3769362,-8.825027319335938,-3.535038751220703,-1.9907786804199217,-0.030534351145038167,0.4122137404580153,-1.6488549618320612,9.71291953606495
7,1633253661.4238029,-8.817844714355468,-3.5613749694824217,-1.9800047729492187,-0.16793893129770993,0.3816793893129771,-1.618320610687023,9.71381469766869
7,1633253661.5331497,-8.832209924316405,-3.6260184143066403,-1.956062756347656,-0.2595419847328244,0.3816793893129771,-1.5114503816793894,9.745877240908303
7,1633253661.595635,-8.840589630126953,-3.660734338378906,-1.9393033447265624,-0.2900763358778626,0.42748091603053434,-1.099236641221374,9.763088567014144
7,1633253661.7206051,-8.8489693359375,-3.69664736328125,-1.9201497314453124,-0.22900763358778625,0.48854961832061067,-0.8091603053435115,9.78041078012503
7,1633253661.8455756,-8.857349041748046,-3.718195178222656,-1.9009961181640624,-0.0916030534351145,0.5648854961832062,-0.5038167938931297,9.792415109256147
7,1633253661.954929,-8.86094034423828,-3.737348791503906,-1.89620771484375,0.366412213740458,0.7938931297709924,0.12213740458015267,9.802022417406434
7,1633253661.9861734,-8.858546142578124,-3.7289690856933593,-1.889025109863281,0.5954198473282443,0.916030534351145,0.42748091603053434,9.795277743276936
7,1633253661.9861734,-8.858546142578124,-3.7193922790527343,-1.886630908203125,0.8091603053435115,1.0534351145038168,0.7022900763358778,9.791174335566199
7,1633253661.9861734,-8.86213744506836,-3.707421270751953,-1.8914193115234375,1.0076335877862594,1.2061068702290076,0.9465648854961832,9.79080791283899
7,1633253661.9861734,-8.881291058349609,-3.660734338378906,-1.8997990173339843,1.3129770992366412,1.4961832061068703,1.3893129770992367,9.79221849559998
7,1633253662.0330322,-8.8872765625,-3.6439749267578123,-1.9045874206542968,1.3740458015267176,1.633587786259542,1.5572519083969465,9.792328181189395
7,1633253662.0330322,-8.89924757080078,-3.621230010986328,-1.908178723144531,1.4045801526717556,1.7099236641221374,1.7099236641221374,9.795461201920668
7,1633253662.0798995,-8.91840118408203,-3.5960908935546874,-1.9129671264648436,1.3740458015267176,1.7557251908396947,1.8015267175572518,9.804549587914678
7,1633253662.0955176,-8.927977990722656,-3.574543078613281,-1.9213468322753906,1.3129770992366412,1.786259541984733,1.8931297709923665,9.807024159936844
7,1633253662.1111388,-8.935160595703124,-3.555389465332031,-1.9225439331054686,1.2213740458015268,1.7404580152671756,1.8625954198473282,9.806837629731637
7,1633253662.2517061,-8.942343200683593,-3.536235852050781,-1.927332336425781,1.099236641221374,1.6946564885496183,1.786259541984733,9.807399036195777
7,1633253662.3454585,-8.942343200683593,-3.499125726318359,-1.9428946472167967,0.8091603053435115,1.5572519083969465,1.5877862595419847,9.79715378962578
7,1633253662.5016713,-8.945934503173827,-3.4859576171874997,-1.9476830505371092,0.6259541984732825,1.4809160305343512,1.465648854961832,9.796688925818408
7,1633253662.5016713,-8.94473740234375,-3.4763808105468748,-1.954865655517578,0.44274809160305345,1.4045801526717556,1.3129770992366412,9.793622949039234
7,1633253662.517293,-8.943540301513671,-3.465606903076172,-1.9632453613281249,0.2595419847328244,1.251908396946565,1.0534351145038168,9.790386952527712
7,1633253662.517293,-8.94473740234375,-3.469198205566406,-1.9608511596679685,-0.13740458015267176,1.1755725190839694,0.9312977099236641,9.792272497064387
8,1633253660.8112285,-8.951920007324219,-3.5146880371093747,-1.9632453613281249,0.9465648854961832,1.450381679389313,1.7404580152671756,9.815509979848617
8,1633253660.8268526,-8.949525805664061,-3.4428619873046875,-1.9045874206542968,0.10687022900763359,0.8549618320610687,0.8549618320610687,9.77623465618482
8,1633253660.8268526,-8.954314208984375,-3.446453289794922,-1.9141642272949217,0.10687022900763359,1.099236641221374,0.8396946564885496,9.783752241395593
8,1633253660.8737144,-9.028534460449219,-3.499125726318359,-2.020706201171875,0.6259541984732825,2.2290076335877864,0.3969465648854962,9.89148972114699
8,1633253660.969675,-9.012972149658202,-3.4931402221679684,-2.023100402832031,0.732824427480916,1.984732824427481,0.13740458015267176,9.875658500686484
8,1633253661.07905,-8.965088116455078,-3.4811692138671875,-2.039859814453125,0.8091603053435115,1.450381679389313,-0.42748091603053434,9.831193828523649
8,1633253661.1102948,-8.93156929321289,-3.479972113037109,-2.041056915283203,0.732824427480916,1.1755725190839694,-0.7175572519083969,9.800461687002544
8,1633253661.1738586,-8.898050469970702,-3.4835634155273434,-2.0350714111328125,0.6106870229007634,0.9312977099236641,-0.9923664122137404,9.769955572291844
8,1633253661.267586,-8.870517150878905,-3.4871547180175777,-2.023100402832031,0.4580152671755725,0.732824427480916,-1.251908396946565,9.743677837006322
8,1633253661.2988288,-8.834604125976561,-3.517082238769531,-2.002749688720703,0.10687022900763359,0.48854961832061067,-1.6030534351145038,9.71756676605111
8,1633253661.3769362,-8.825027319335938,-3.535038751220703,-1.9907786804199217,-0.030534351145038167,0.4122137404580153,-1.6488549618320612,9.71291953606495
8,1633253661.4238029,-8.817844714355468,-3.5613749694824217,-1.9800047729492187,-0.16793893129770993,0.3816793893129771,-1.618320610687023,9.71381469766869
8,1633253661.5331497,-8.832209924316405,-3.6260184143066403,-1.956062756347656,-0.2595419847328244,0.3816793893129771,-1.5114503816793894,9.745877240908303
8,1633253661.595635,-8.840589630126953,-3.660734338378906,-1.9393033447265624,-0.2900763358778626,0.42748091603053434,-1.099236641221374,9.763088567014144
8,1633253661.7206051,-8.8489693359375,-3.69664736328125,-1.9201497314453124,-0.22900763358778625,0.48854961832061067,-0.8091603053435115,9.78041078012503
8,1633253661.8455756,-8.857349041748046,-3.718195178222656,-1.9009961181640624,-0.0916030534351145,0.5648854961832062,-0.5038167938931297,9.792415109256147
8,1633253661.954929,-8.86094034423828,-3.737348791503906,-1.89620771484375,0.366412213740458,0.7938931297709924,0.12213740458015267,9.802022417406434
8,1633253661.9861734,-8.858546142578124,-3.7289690856933593,-1.889025109863281,0.5954198473282443,0.916030534351145,0.42748091603053434,9.795277743276936
8,1633253661.9861734,-8.858546142578124,-3.7193922790527343,-1.886630908203125,0.8091603053435115,1.0534351145038168,0.7022900763358778,9.791174335566199
8,1633253661.9861734,-8.86213744506836,-3.707421270751953,-1.8914193115234375,1.0076335877862594,1.2061068702290076,0.9465648854961832,9.79080791283899
8,1633253661.9861734,-8.881291058349609,-3.660734338378906,-1.8997990173339843,1.3129770992366412,1.4961832061068703,1.3893129770992367,9.79221849559998
8,1633253662.0330322,-8.8872765625,-3.6439749267578123,-1.9045874206542968,1.3740458015267176,1.633587786259542,1.5572519083969465,9.792328181189395
8,1633253662.0330322,-8.89924757080078,-3.621230010986328,-1.908178723144531,1.4045801526717556,1.7099236641221374,1.7099236641221374,9.795461201920668
8,1633253662.0798995,-8.91840118408203,-3.5960908935546874,-1.9129671264648436,1.3740458015267176,1.7557251908396947,1.8015267175572518,9.804549587914678
8,1633253662.0955176,-8.927977990722656,-3.574543078613281,-1.9213468322753906,1.3129770992366412,1.786259541984733,1.8931297709923665,9.807024159936844
8,1633253662.1111388,-8.935160595703124,-3.555389465332031,-1.9225439331054686,1.2213740458015268,1.7404580152671756,1.8625954198473282,9.806837629731637
8,1633253662.2517061,-8.942343200683593,-3.536235852050781,-1.927332336425781,1.099236641221374,1.6946564885496183,1.786259541984733,9.807399036195777
8,1633253662.3454585,-8.942343200683593,-3.499125726318359,-1.9428946472167967,0.8091603053435115,1.5572519083969465,1.5877862595419847,9.79715378962578
8,1633253662.5016713,-8.945934503173827,-3.4859576171874997,-1.9476830505371092,0.6259541984732825,1.4809160305343512,1.465648854961832,9.796688925818408
8,1633253662.5016713,-8.94473740234375,-3.4763808105468748,-1.954865655517578,0.44274809160305345,1.4045801526717556,1.3129770992366412,9.793622949039234
8,1633253662.517293,-8.943540301513671,-3.465606903076172,-1.9632453613281249,0.2595419847328244,1.251908396946565,1.0534351145038168,9.790386952527712
8,1633253662.517293,-8.94473740234375,-3.469198205566406,-1.9608511596679685,-0.13740458015267176,1.1755725190839694,0.9312977099236641,9.792272497064387
8,1633253662.5641572,-8.939948999023438,-3.4715924072265625,-1.9596540588378906,-0.2900763358778626,1.1145038167938932,0.8091603053435115,9.788507852444779
8,1633253662.5797825,-8.930372192382812,-3.4739866088867184,-1.9476830505371092,-0.4122137404580153,1.0534351145038168,0.7175572519083969,9.778220682647635
8,1633253662.7203712,-8.923189587402343,-3.469198205566406,-1.945288848876953,-0.5343511450381679,0.9923664122137404,0.5954198473282443,9.769482960105707
8,1633253662.7672343,-8.923189587402343,-3.4715924072265625,-1.9500772521972656,-0.5648854961832062,1.0229007633587786,0.5954198473282443,9.771287916348385
8,1633253662.8141022,-8.92438668823242,-3.475183709716797,-1.956062756347656,-0.6106870229007634,1.099236641221374,0.6106870229007634,9.77485350704303
8,1633253662.8922052,-8.933963494873046,-3.4835634155273434,-1.954865655517578,-0.6412213740458015,1.2213740458015268,0.6870229007633588,9.786338310565752
8,1633253662.9234517,-8.949525805664061,-3.5146880371093747,-1.9656395629882812,-0.5954198473282443,1.4809160305343512,0.9312977099236641,9.813805736615713
8,1633253662.9859328,-8.950722906494141,-3.5230677429199218,-1.9823989746093749,-0.5038167938931297,1.633587786259542,1.0687022900763359,9.821270415001008
8,1633253663.0484207,-8.951920007324219,-3.5302503479003904,-1.9979612854003905,-0.4122137404580153,1.7709923664122138,1.1603053435114503,9.828091810435089
8,1633253663.110907,-8.95670841064453,-3.5302503479003904,-2.002749688720703,-0.2748091603053435,1.9083969465648856,1.2061068702290076,9.8334276520363
8,1633253663.2046318,-8.97705912475586,-3.5218706420898434,-2.0183119995117185,-3.8931297709923665,2.1068702290076335,1.1908396946564885,9.852144267942373
8,1633253663.3139834,-8.97705912475586,-3.5146880371093747,-2.019509100341797,0.16793893129770993,2.122137404580153,1.1145038167938932,9.84982434025732
8,1633253663.3920898,-8.980650427246093,-3.5051112304687497,-2.0266917053222655,0.3053435114503817,2.0763358778625953,0.9770992366412213,9.851160647496094
8,1633253663.563922,-8.971073620605468,-3.499125726318359,-2.031480108642578,0.42748091603053434,2.0,0.8091603053435115,9.841288238168657
8,1633253663.7050602,-8.953117108154297,-3.489548919677734,-2.029085906982422,0.5648854961832062,1.7251908396946565,0.3511450381679389,9.821020681836684
8,1633253663.7831678,-8.93755479736328,-3.484760516357422,-2.0278888061523435,0.5801526717557252,1.5572519083969465,0.0916030534351145,9.804885242691677
8,1633253663.8768952,-8.869320050048827,-3.6332010192871094,-1.9716250671386717,-0.2900763358778626,0.6564885496183206,-0.7786259541984732,9.785310071843233
8,1633253663.9862459,-8.872911352539061,-3.6463691284179687,-1.9668366638183592,-0.2595419847328244,0.6870229007633588,-0.5648854961832062,9.79249764630231
8,1633253664.142458,-8.88009395751953,-3.649960430908203,-1.9536685546875,-0.1984732824427481,0.8702290076335878,-0.04580152671755725,9.797708949705806
8,1633253664.2049453,-8.883685260009765,-3.6547488342285153,-1.9500772521972656,-0.13740458015267176,0.9770992366412213,0.2595419847328244,9.802033163060951
8,1633253664.361158,-8.87410845336914,-3.6547488342285153,-1.9572598571777342,-0.07633587786259542,1.0687022900763359,0.549618320610687,9.794787186660653
8,1633253664.4561646,-8.869320050048827,-3.6643256408691403,-1.9512743530273435,0.0916030534351145,1.2366412213740459,0.9618320610687023,9.792833714166266
8,1633253664.5342715,-8.872911352539061,-3.6727053466796873,-1.9536685546875,0.16793893129770993,1.3435114503816794,1.1145038167938932,9.799701079886104
8,1633253664.61345,-8.884882360839843,-3.6762966491699216,-1.9476830505371092,0.2595419847328244,1.450381679389313,1.2213740458015268,9.810696248687476
8,1633253664.7696621,-8.912415679931641,-3.6643256408691403,-1.9656395629882812,0.5038167938931297,1.5267175572519085,1.4045801526717556,9.834743237411294
8,1633253664.8321474,-8.921992486572265,-3.6439749267578123,-1.9680337646484374,0.6259541984732825,1.5114503816793894,1.4809160305343512,9.836343837833642
8,1633253664.9258754,-8.9255837890625,-3.6272155151367187,-1.9764134704589842,0.7175572519083969,1.4961832061068703,1.5419847328244274,9.835087624166627
8,1633253664.9258754,-8.927977990722656,-3.604470599365234,-1.983596075439453,0.7633587786259542,1.465648854961832,1.6030534351145038,9.830343467804944
8,1633253665.0664673,-8.932766394042968,-3.574543078613281,-1.9812018737792967,0.7022900763358778,1.3587786259541985,1.6641221374045803,9.823280233001201
8,1633253665.0664673,-8.9255837890625,-3.5613749694824217,-1.9812018737792967,0.6412213740458015,1.297709923664122,1.6641221374045803,9.811962011417382
8,1633253665.191441,-8.913612780761719,-3.554192364501953,-1.9764134704589842,0.5954198473282443,1.251908396946565,1.618320610687023,9.797498985733776
8,1633253665.2695446,-8.905233074951171,-3.5386300537109374,-1.9692308654785156,0.5038167938931297,1.1755725190839694,1.4198473282442747,9.782788405039938
9,1633253662.5641572,-8.939948999023438,-3.4715924072265625,-1.9596540588378906,-0.2900763358778626,1.1145038167938932,0.8091603053435115,9.788507852444779
9,1633253662.5797825,-8.930372192382812,-3.4739866088867184,-1.9476830505371092,-0.4122137404580153,1.0534351145038168,0.7175572519083969,9.778220682647635
9,1633253662.7203712,-8.923189587402343,-3.469198205566406,-1.945288848876953,-0.5343511450381679,0.9923664122137404,0.5954198473282443,9.769482960105707
9,1633253662.7672343,-8.923189587402343,-3.4715924072265625,-1.9500772521972656,-0.5648854961832062,1.0229007633587786,0.5954198473282443,9.771287916348385
9,1633253662.8141022,-8.92438668823242,-3.475183709716797,-1.956062756347656,-0.6106870229007634,1.099236641221374,0.6106870229007634,9.77485350704303
9,1633253662.8922052,-8.933963494873046,-3.4835634155273434,-1.954865655517578,-0.6412213740458015,1.2213740458015268,0.6870229007633588,9.786338310565752
9,1633253662.9234517,-8.949525805664061,-3.5146880371093747,-1.9656395629882812,-0.5954198473282443,1.4809160305343512,0.9312977099236641,9.813805736615713
9,1633253662.9859328,-8.950722906494141,-3.5230677429199218,-1.9823989746093749,-0.5038167938931297,1.633587786259542,1.0687022900763359,9.821270415001008
9,1633253663.0484207,-8.951920007324219,-3.5302503479003904,-1.9979612854003905,-0.4122137404580153,1.7709923664122138,1.1603053435114503,9.828091810435089
9,1633253663.110907,-8.95670841064453,-3.5302503479003904,-2.002749688720703,-0.2748091603053435,1.9083969465648856,1.2061068702290076,9.8334276520363
9,1633253663.2046318,-8.97705912475586,-3.5218706420898434,-2.0183119995117185,-3.8931297709923665,2.1068702290076335,1.1908396946564885,9.852144267942373
9,1633253663.3139834,-8.97705912475586,-3.5146880371093747,-2.019509100341797,0.16793893129770993,2.122137404580153,1.1145038167938932,9.84982434025732
9,1633253663.3920898,-8.980650427246093,-3.5051112304687497,-2.0266917053222655,0.3053435114503817,2.0763358778625953,0.9770992366412213,9.851160647496094
9,1633253663.563922,-8.971073620605468,-3.499125726318359,-2.031480108642578,0.42748091603053434,2.0,0.8091603053435115,9.841288238168657
9,1633253663.7050602,-8.953117108154297,-3.489548919677734,-2.029085906982422,0.5648854961832062,1.7251908396946565,0.3511450381679389,9.821020681836684
9,1633253663.7831678,-8.93755479736328,-3.484760516357422,-2.0278888061523435,0.5801526717557252,1.5572519083969465,0.0916030534351145,9.804885242691677
9,1633253663.8768952,-8.869320050048827,-3.6332010192871094,-1.9716250671386717,-0.2900763358778626,0.6564885496183206,-0.7786259541984732,9.785310071843233
9,1633253663.9862459,-8.872911352539061,-3.6463691284179687,-1.9668366638183592,-0.2595419847328244,0.6870229007633588,-0.5648854961832062,9.79249764630231
9,1633253664.142458,-8.88009395751953,-3.649960430908203,-1.9536685546875,-0.1984732824427481,0.8702290076335878,-0.04580152671755725,9.797708949705806
9,1633253664.2049453,-8.883685260009765,-3.6547488342285153,-1.9500772521972656,-0.13740458015267176,0.9770992366412213,0.2595419847328244,9.802033163060951
9,1633253664.361158,-8.87410845336914,-3.6547488342285153,-1.9572598571777342,-0.07633587786259542,1.0687022900763359,0.549618320610687,9.794787186660653
9,1633253664.4561646,-8.869320050048827,-3.6643256408691403,-1.9512743530273435,0.0916030534351145,1.2366412213740459,0.9618320610687023,9.792833714166266
9,1633253664.5342715,-8.872911352539061,-3.6727053466796873,-1.9536685546875,0.16793893129770993,1.3435114503816794,1.1145038167938932,9.799701079886104
9,1633253664.61345,-8.884882360839843,-3.6762966491699216,-1.9476830505371092,0.2595419847328244,1.450381679389313,1.2213740458015268,9.810696248687476
9,1633253664.7696621,-8.912415679931641,-3.6643256408691403,-1.9656395629882812,0.5038167938931297,1.5267175572519085,1.4045801526717556,9.834743237411294
9,1633253664.8321474,-8.921992486572265,-3.6439749267578123,-1.9680337646484374,0.6259541984732825,1.5114503816793894,1.4809160305343512,9.836343837833642
9,1633253664.9258754,-8.9255837890625,-3.6272155151367187,-1.9764134704589842,0.7175572519083969,1.4961832061068703,1.5419847328244274,9.835087624166627
9,1633253664.9258754,-8.927977990722656,-3.604470599365234,-1.983596075439453,0.7633587786259542,1.465648854961832,1.6030534351145038,9.830343467804944
9,1633253665.0664673,-8.932766394042968,-3.574543078613281,-1.9812018737792967,0.7022900763358778,1.3587786259541985,1.6641221374045803,9.823280233001201
9,1633253665.0664673,-8.9255837890625,-3.5613749694824217,-1.9812018737792967,0.6412213740458015,1.297709923664122,1.6641221374045803,9.811962011417382
9,1633253665.191441,-8.913612780761719,-3.554192364501953,-1.9764134704589842,0.5954198473282443,1.251908396946565,1.618320610687023,9.797498985733776
9,1633253665.2695446,-8.905233074951171,-3.5386300537109374,-1.9692308654785156,0.5038167938931297,1.1755725190839694,1.4198473282442747,9.782788405039938
9,1633253665.3164122,-8.905233074951171,-3.5242648437499997,-1.9656395629882812,0.48854961832061067,1.1297709923664123,1.297709923664122,9.776878729926093
9,1633253665.3632727,-8.908824377441405,-3.5134909362792968,-1.9596540588378906,0.4580152671755725,1.099236641221374,1.1755725190839694,9.775071067656278
9,1633253665.441379,-8.908824377441405,-3.499125726318359,-1.9632453613281249,0.42748091603053434,1.0687022900763359,1.0687022900763359,9.770637900641576
9,1633253665.5663536,-8.89924757080078,-3.488351818847656,-1.9632453613281249,0.33587786259541985,1.0229007633587786,0.8702290076335878,9.758049912110398
9,1633253665.6288362,-8.892064965820312,-3.4715924072265625,-1.9632453613281249,0.2748091603053435,1.0229007633587786,0.7938931297709924,9.745517202645456
9,1633253665.7381852,-8.890867864990234,-3.460818499755859,-1.9620482604980467,0.21374045801526717,1.0534351145038168,0.7480916030534351,9.740350581857504
9,1633253665.800674,-8.905233074951171,-3.4644098022460934,-1.964442462158203,0.12213740458015267,1.1145038167938932,0.7175572519083969,9.755221452341987
9,1633253665.9412622,-8.920795385742187,-3.4811692138671875,-1.9692308654785156,-0.061068702290076333,1.3129770992366412,0.7480916030534351,9.776348991899228
9,1633253665.9412622,-8.935160595703124,-3.494337322998047,-1.9776105712890624,-0.10687022900763359,1.4198473282442747,0.8091603053435115,9.795837471578283
9,1633253666.0518608,-8.949525805664061,-3.5003228271484375,-1.9907786804199217,-0.0916030534351145,1.5419847328244274,0.8549618320610687,9.813738930444293
9,1633253666.0987244,-8.986635931396483,-3.5027170288085934,-2.0159177978515626,-0.04580152671755725,1.8015267175572518,0.916030534351145,9.853556541425371
9,1633253666.1455889,-9.004592443847656,-3.5015199279785154,-2.0171148986816405,0.015267175572519083,1.9083969465648856,0.9618320610687023,9.869755792334095
9,1633253666.2404385,-8.998606939697265,-3.4835634155273434,-2.031480108642578,0.183206106870229,1.9694656488549618,1.0687022900763359,9.86088496824594
9,1633253666.3497632,-8.990227233886719,-3.4811692138671875,-2.0302830078125,0.2595419847328244,1.9541984732824427,1.0229007633587786,9.852145649771288
9,1633253666.427894,-8.96987651977539,-3.4775779113769527,-2.0374656127929685,0.32061068702290074,1.9236641221374047,0.9465648854961832,9.833793725365027
9,1633253666.498624,-8.950722906494141,-3.484760516357422,-2.0350714111328125,0.3511450381679389,1.8778625954198473,0.7786259541984732,9.81837624322946
9,1633253666.6392167,-8.926780889892578,-3.5110967346191404,-2.0266917053222655,0.4122137404580153,1.7099236641221374,0.2595419847328244,9.804218306648755
9,1633253666.6861038,-8.910021478271483,-3.5194764404296874,-2.019509100341797,0.48854961832061067,1.5877862595419847,-0.030534351145038167,9.790485900319867
9,1633253666.7965097,-8.894459167480468,-3.5230677429199218,-2.024297503662109,0.5343511450381679,1.4351145038167938,-0.33587786259541985,9.778608826745902
9,1633253666.8433764,-8.875305554199219,-3.518279339599609,-2.0278888061523435,0.549618320610687,1.1603053435114503,-0.8702290076335878,9.760208563446323
9,1633253666.905859,-8.869320050048827,-3.5206735412597654,-2.043451116943359,0.44274809160305345,1.0381679389312977,-1.0534351145038168,9.758876615761762
9,1633253666.9839413,-8.863334545898438,-3.525461944580078,-2.0470424194335934,0.2900763358778626,0.9618320610687023,-1.1908396946564885,9.755919426797227
9,1633253667.0152094,-8.866925848388671,-3.564966271972656,-2.0254946044921875,0.12213740458015267,0.9007633587786259,-1.2671755725190839,9.769032035670307
9,1633253667.0464516,-8.872911352539061,-3.592499591064453,-2.0254946044921875,-0.1984732824427481,0.8702290076335878,-1.2061068702290076,9.784540744186298
9,1633253667.0464516,-8.881291058349609,-3.6200329101562496,-2.009932293701172,-0.3053435114503817,0.8702290076335878,-1.083969465648855,9.7990712294073
9,1633253667.093316,-8.8872765625,-3.6451720275878903,-1.9967641845703124,-0.3511450381679389,0.8549618320610687,-0.8854961832061069,9.811117725206124
9,1633253667.171422,-8.894459167480468,-3.6810850524902343,-1.9871873779296874,-0.32061068702290074,0.8549618320610687,-0.366412213740458,9.829074459004135
9,1633253667.171422,-8.8872765625,-3.6858734558105466,-1.983596075439453,-0.15267175572519084,0.8396946564885496,-0.061068702290076333,9.823645006875473
9,1633253667.2651505,-8.869320050048827,-3.6846763549804686,-1.9847931762695312,-0.030534351145038167,0.8854961832061069,0.24427480916030533,9.807195416821079
9,1633253667.327635,-8.856151940917968,-3.679887951660156,-1.983596075439453,0.0916030534351145,0.9465648854961832,0.5038167938931297,9.793245423652849
9,1633253667.4057424,-8.82981572265625,-3.6643256408691403,-1.9812018737792967,0.33587786259541985,1.1603053435114503,0.9770992366412213,9.76309832804449
9,1633253667.4057424,-8.820238916015624,-3.6535517333984373,-1.9907786804199217,0.3969465648854962,1.297709923664122,1.1755725190839694,9.752346105354839
10,1633253665.3164122,-8.905233074951171,-3.5242648437499997,-1.9656395629882812,0.48854961832061067,1.1297709923664123,1.297709923664122,9.776878729926093
10,1633253665.3632727,-8.908824377441405,-3.5134909362792968,-1.9596540588378906,0.4580152671755725,1.099236641221374,1.1755725190839694,9.775071067656278
10,1633253665.441379,-8.908824377441405,-3.499125726318359,-1.9632453613281249,0.42748091603053434,1.0687022900763359,1.0687022900763359,9.770637900641576
10,1633253665.5663536,-8.89924757080078,-3.488351818847656,-1.9632453613281249,0.33587786259541985,1.0229007633587786,0.8702290076335878,9.758049912110398
10,1633253665.6288362,-8.892064965820312,-3.4715924072265625,-1.9632453613281249,0.2748091603053435,1.0229007633587786,0.7938931297709924,9.745517202645456
10,1633253665.7381852,-8.890867864990234,-3.460818499755859,-1.9620482604980467,0.21374045801526717,1.0534351145038168,0.7480916030534351,9.740350581857504
10,1633253665.800674,-8.905233074951171,-3.4644098022460934,-1.964442462158203,0.12213740458015267,1.1145038167938932,0.7175572519083969,9.755221452341987
10,1633253665.9412622,-8.920795385742187,-3.4811692138671875,-1.9692308654785156,-0.061068702290076333,1.3129770992366412,0.7480916030534351,9.776348991899228
10,1633253665.9412622,-8.935160595703124,-3.494337322998047,-1.9776105712890624,-0.10687022900763359,1.4198473282442747,0.8091603053435115,9.795837471578283
10,1633253666.0518608,-8.949525805664061,-3.5003228271484375,-1.9907786804199217,-0.0916030534351145,1.5419847328244274,0.8549618320610687,9.813738930444293
10,1633253666.0987244,-8.986635931396483,-3.5027170288085934,-2.0159177978515626,-0.04580152671755725,1.8015267175572518,0.916030534351145,9.853556541425371
10,1633253666.1455889,-9.004592443847656,-3.5015199279785154,-2.0171148986816405,0.015267175572519083,1.9083969465648856,0.9618320610687023,9.869755792334095
10,1633253666.2404385,-8.998606939697265,-3.4835634155273434,-2.031480108642578,0.183206106870229,1.9694656488549618,1.0687022900763359,9.86088496824594
10,1633253666.3497632,-8.990227233886719,-3.4811692138671875,-2.0302830078125,0.2595419847328244,1.9541984732824427,1.0229007633587786,9.852145649771288
10,1633253666.427894,-8.96987651977539,-3.4775779113769527,-2.0374656127929685,0.32061068702290074,1.9236641221374047,0.9465648854961832,9.833793725365027
10,1633253666.498624,-8.950722906494141,-3.484760516357422,-2.0350714111328125,0.3511450381679389,1.8778625954198473,0.7786259541984732,9.81837624322946
10,1633253666.6392167,-8.926780889892578,-3.5110967346191404,-2.0266917053222655,0.4122137404580153,1.7099236641221374,0.2595419847328244,9.804218306648755
10,1633253666.6861038,-8.910021478271483,-3.5194764404296874,-2.019509100341797,0.48854961832061067,1.5877862595419847,-0.030534351145038167,9.790485900319867
10,1633253666.7965097,-8.894459167480468,-3.5230677429199218,-2.024297503662109,0.5343511450381679,1.4351145038167938,-0.33587786259541985,9.778608826745902
10,1633253666.8433764,-8.875305554199219,-3.518279339599609,-2.0278888061523435,0.549618320610687,1.1603053435114503,-0.8702290076335878,9.760208563446323
10,1633253666.905859,-8.869320050048827,-3.5206735412597654,-2.043451116943359,0.44274809160305345,1.0381679389312977,-1.0534351145038168,9.758876615761762
10,1633253666.9839413,-8.863334545898438,-3.525461944580078,-2.0470424194335934,0.2900763358778626,0.9618320610687023,-1.1908396946564885,9.755919426797227
10,1633253667.0152094,-8.866925848388671,-3.564966271972656,-2.0254946044921875,0.12213740458015267,0.9007633587786259,-1.2671755725190839,9.769032035670307
10,1633253667.0464516,-8.872911352539061,-3.592499591064453,-2.0254946044921875,-0.1984732824427481,0.8702290076335878,-1.2061068702290076,9.784540744186298
10,1633253667.0464516,-8.881291058349609,-3.6200329101562496,-2.009932293701172,-0.3053435114503817,0.8702290076335878,-1.083969465648855,9.7990712294073
10,1633253667.093316,-8.8872765625,-3.6451720275878903,-1.9967641845703124,-0.3511450381679389,0.8549618320610687,-0.8854961832061069,9.811117725206124
10,1633253667.171422,-8.894459167480468,-3.6810850524902343,-1.9871873779296874,-0.32061068702290074,0.8549618320610687,-0.366412213740458,9.829074459004135
10,1633253667.171422,-8.8872765625,-3.6858734558105466,-1.983596075439453,-0.15267175572519084,0.8396946564885496,-0.061068702290076333,9.823645006875473
10,1633253667.2651505,-8.869320050048827,-3.6846763549804686,-1.9847931762695312,-0.030534351145038167,0.8854961832061069,0.24427480916030533,9.807195416821079
10,1633253667.327635,-8.856151940917968,-3.679887951660156,-1.983596075439453,0.0916030534351145,0.9465648854961832,0.5038167938931297,9.793245423652849
10,1633253667.4057424,-8.82981572265625,-3.6643256408691403,-1.9812018737792967,0.33587786259541985,1.1603053435114503,0.9770992366412213,9.76309832804449
10,1633253667.4057424,-8.820238916015624,-3.6535517333984373,-1.9907786804199217,0.3969465648854962,1.297709923664122,1.1755725190839694,9.752346105354839
10,1633253667.5463347,-8.815450512695312,-3.641580725097656,-1.9907786804199217,0.44274809160305345,1.450381679389313,1.3435114503816794,9.743535173313498
10,1633253667.6713045,-8.820238916015624,-3.6343981201171873,-1.9943699829101562,0.4580152671755725,1.5572519083969465,1.4809160305343512,9.745920985717095
10,1633253667.7806537,-8.838195428466797,-3.6272155151367187,-2.002749688720703,0.4732824427480916,1.6488549618320612,1.6793893129770991,9.76121903968407
10,1633253667.8743818,-8.851363537597656,-3.6284126159667967,-2.003946789550781,0.5038167938931297,1.7404580152671756,1.7404580152671756,9.773833297216154
10,1633253667.9993522,-8.865728747558594,-3.6284126159667967,-2.0063409912109376,0.5190839694656488,1.7404580152671756,1.7709923664122138,9.787335107679064
10,1633253668.108702,-8.878896856689453,-3.621230010986328,-2.0087351928710935,0.5190839694656488,1.6946564885496183,1.786259541984733,9.79709820606473
10,1633253668.2336679,-8.90044467163086,-3.6056677001953124,-2.012326495361328,0.5190839694656488,1.5572519083969465,1.7709923664122138,9.811636603591019
10,1633253668.358644,-8.89326206665039,-3.517082238769531,-2.000355487060547,0.0916030534351145,1.0687022900763359,1.2213740458015268,9.77043498187282
10,1633253668.389887,-8.889670764160156,-3.517082238769531,-2.001552587890625,3.877862595419847,1.0381679389312977,1.0534351145038168,9.767411455013224
10,1633253668.4836147,-8.975862023925782,-3.4715924072265625,-2.0458453186035155,0.3969465648854962,2.1374045801526718,1.251908396946565,9.838878797003145
10,1633253668.530478,-8.971073620605468,-3.4440590881347655,-2.068590234375,0.42748091603053434,2.1526717557251906,1.2061068702290076,9.829586485027669
10,1633253668.688288,-8.959102612304687,-3.436876483154297,-2.0781670410156248,0.3969465648854962,2.0763358778625953,0.9465648854961832,9.818167742946102
10,1633253668.7663984,-8.947131604003905,-3.440467785644531,-2.0829554443359375,0.366412213740458,1.984732824427481,0.7633587786259542,9.809520166986355
10,1633253668.9080377,-8.927977990722656,-3.441664886474609,-2.0925322509765625,0.2900763358778626,1.8625954198473282,0.5190839694656488,9.794515782569217
10,1633253668.986145,-8.904035974121093,-3.447650390625,-2.108094561767578,0.24427480916030533,1.5877862595419847,-0.061068702290076333,9.778149749608732
10,1633253668.986145,-8.888473663330078,-3.4536358947753905,-2.1068974609374997,0.030534351145038167,1.4198473282442747,-0.3511450381679389,9.765837489345106
10,1633253669.0017662,-8.889670764160156,-3.460818499755859,-2.108094561767578,-0.061068702290076333,1.2671755725190839,-0.6106870229007634,9.769727409952145
10,1633253669.0330086,-8.889670764160156,-3.478775012207031,-2.105700360107422,-0.16793893129770993,1.1145038167938932,-0.7938931297709924,9.775586728543528
10,1633253669.0330086,-8.892064965820312,-3.5290532470703124,-2.090138049316406,-0.33587786259541985,0.7938931297709924,-0.9312977099236641,9.792431426475588
10,1633253669.0486348,-8.88607946166992,-3.5517981628417967,-2.0841525451660154,-0.366412213740458,0.6564885496183206,-0.9007633587786259,9.79394559001633
10,1633253669.0486348,-8.881291058349609,-3.5781343811035153,-2.0757728393554684,-0.3816793893129771,0.5648854961832062,-0.7938931297709924,9.797408299798555
10,1633253669.0486348,-8.881291058349609,-3.6080619018554687,-2.039859814453125,-0.33587786259541985,0.5190839694656488,-0.6564885496183206,9.800840250374575
10,1633253669.1111174,-8.892064965820312,-3.6679169433593746,-2.020706201171875,-0.183206106870229,0.549618320610687,-0.2900763358778626,9.828819237894562
10,1633253669.1267378,-8.896853369140624,-3.6906618591308593,-2.0063409912109376,-0.015267175572519083,0.6106870229007634,-0.04580152671755725,9.838718870028018
10,1633253669.220466,-8.892064965820312,-3.6954502624511716,-2.005143890380859,0.22900763358778625,0.6717557251908397,0.21374045801526717,9.835942965458427
10,1633253669.2985716,-8.877699755859375,-3.9647979492187497,-2.020706201171875,0.44274809160305345,0.7633587786259542,0.4732824427480916,9.930580510965575
10,1633253669.376679,-8.84178673095703,-3.630806817626953,-2.020706201171875,0.7175572519083969,1.0229007633587786,0.8854961832061069,9.769503789553934
10,1633253669.4547844,-8.836998327636719,-3.612850305175781,-2.019509100341797,0.7480916030534351,1.2061068702290076,1.0534351145038168,9.758260284324571
10,1633253669.5797563,-8.838195428466797,-3.5996821960449217,-2.0183119995117185,0.7480916030534351,1.3893129770992367,1.1908396946564885,9.754229527321323
10,1633253669.6422412,-8.859743243408202,-3.6056677001953124,-2.0171148986816405,0.6870229007633588,1.618320610687023,1.450381679389313,9.775716977175254
10,1633253669.6891055,-8.870517150878905,-3.612850305175781,-2.0171148986816405,0.6564885496183206,1.6793893129770991,1.5114503816793894,9.788131301026208
10,1633253669.7672112,-8.884882360839843,-3.6164416076660153,-2.01112939453125,0.6412213740458015,1.7099236641221374,1.5267175572519085,9.801246140627658
