-9.4815061917305,-2.34298819026947,-0.7690250551223755,0.3866889312977099,1.215648854961832,0.3122614503816794,9.797223257819349,0.8747021850246453,-9.393650213623046,-2.1787235107421874,-0.709880792236328,1.83206106870229,1.954198473282443,1.297709923664122,9.867426208404735,3.173222853561302,-9.568426934814452,-2.4588451049804685,-0.8128314636230468,-0.549618320610687,0.4122137404580153,-0.2137404580152671,9.721626654225371,0.0,0.0010679636652176111,0.004978527638075374,0.0004676544454484266,0.32336442141702115,0.0954453411805839,0.11148774610672456,0.0008834411643380897,0.6535743405286697,-9.479841473388673,-2.365471240234375,-0.7703343841552734,0.2900763358778626,1.267175572519084,0.3129770992366412,9.797981789953345,0.594979285042744,9.481562509812875,2.3440503807256965,0.7693290517401646,0.6876719792206064,1.25429162468327,0.45715966521686335,9.7972683440192,1.1910828069515396
-9.465345330524444,-2.399906593799591,-0.7803226942062377,0.5422232824427481,1.1603053435114505,0.5169370229007634,9.796180297761072,1.0738549734903415,-9.393650213623046,-2.3487118286132813,-0.6847416748046875,1.83206106870229,1.954198473282443,1.297709923664122,9.867426208404735,3.173222853561302,-9.53131680908203,-2.4588451049804685,-0.9085995300292968,-0.2900763358778626,0.4122137404580153,-0.2137404580152671,9.721626654225371,0.0,0.0006783754798440978,0.0007839118046162983,0.0032154614081751874,0.36931845600125285,0.1512586679097955,0.1058130877243459,0.0007467145873742325,0.836809127982781,-9.46846901550293,-2.398990063476562,-0.7697358337402342,0.4122137404580153,1.213740458015267,0.49618320610687017,9.79984420536255,0.713975142051293,9.465381165149175,2.400069909558338,0.7823803221588953,0.8144473856697196,1.2237512647964945,0.6107675280905578,9.796218410224915,1.4106642520715986
-9.462464806652068,-2.4204817643165586,-0.7781342442512511,0.4711354961832061,1.1817748091603053,0.5987595419847328,9.798297705665162,0.9193256314028513,-9.414000927734374,-2.3618799377441406,-0.6811503723144531,1.618320610687023,1.7251908396946565,0.9618320610687024,9.847960001159754,2.8030135206458167,-9.504980590820312,-2.4756045166015626,-0.9085995300292968,-0.2900763358778626,0.5343511450381679,0.3206106870229007,9.745666160256238,0.0264435237796775,0.0003678457740100521,0.0007691642605855129,0.0034431495353616287,0.25342249277067186,0.08302050252024941,0.02664084807120798,0.0004073213212319383,0.5810138290491521,-9.463082061767578,-2.421734979248047,-0.7733271362304687,0.4198473282442748,1.2748091603053435,0.5877862595419847,9.80062829483884,0.7271969039411317,9.462484243733407,2.420640645707162,0.7803435471712619,0.6894861481817222,1.2163931116568054,0.6206076354581653,9.79831849095366,1.1942250397657064
-9.452607429504393,-2.452354573917389,-0.7703717935562133,0.3110687022900763,1.255009541984733,0.5288645038167938,9.795950900529302,0.5396131571290443,-9.414000927734374,-2.395398760986328,-0.6811503723144531,0.7022900763358778,1.465648854961832,0.8702290076335878,9.847960001159754,1.2164020938651656,-9.504980590820312,-2.510320440673828,-0.8092401611328125,-0.015267175572519,0.8702290076335878,0.2442748091603053,9.745666160256238,0.0264435237796775,0.0003124497694523883,0.0007128442603981059,0.0006726814136289365,0.038047753627410995,0.011371566979634049,0.015269850150777926,0.00034680270486061525,0.11325211416875475,-9.44871685180664,-2.452859600830078,-0.7775169891357421,0.3358778625954198,1.282442748091603,0.5190839694656488,9.79426664988203,0.5817575231529053,9.452623956663627,2.4524999083535017,0.7708082652129814,0.3671668437806485,1.2595318644053286,0.543109117533633,9.795968601842581,0.635951628282788
-9.434052366638184,-2.5090859304428097,-0.7896563397407531,0.43845419847328243,1.2743320610687023,0.2323473282442748,9.794279844376302,0.7594249485476137,-9.294290844726564,-2.4349030883789062,-0.7661445312499999,1.1908396946564883,2.2595419847328246,3.755725190839695,9.857873192652196,2.0625948548148463,-9.489418280029296,-2.841917370605469,-0.8152256652832031,0.0305343511450381,0.8702290076335878,-2.8244274809160306,9.709807700490906,0.052887047559355,0.0011965075161572262,0.006719751045121845,0.0001439036601548316,0.07687102113804557,0.04771697999825184,1.089384860657887,0.000555889975888856,0.23061306341413673,-9.441534246826173,-2.4881740753173824,-0.7876923461914063,0.4198473282442748,1.251908396946565,0.5038167938931297,9.79460079878306,0.7271969039411317,9.43411578071775,2.510424656784422,0.7897474523877355,0.5187611254680656,1.2929188612847515,1.0692848739228196,9.794308222632763,0.8985206263023027
-9.48782838048935,-2.2188450932502746,-0.9261258343696595,0.3890744274809161,1.6846374045801529,1.6603053435114505,9.806872787345547,2.356365876804701,-9.12310542602539,-0.7218518005371093,-0.7661445312499999,3.8931297709923673,7.099236641221374,34.47328244274809,10.22395722164675,6.743098563817767,-10.11909331665039,-2.841917370605469,-1.1743559143066409,-3.5267175572519083,-2.030534351145038,-27.221374045801525,9.43285480529705,0.1851046664577426,0.037894198889639436,0.3293397906516231,0.022820448365371906,3.025522931264932,2.892890993750364,171.6455480449857,0.015170557274878699,3.9782453787840164,-9.43614729309082,-2.486378424072265,-0.8146271148681641,0.4961832061068702,1.2748091603053435,0.5419847328244275,9.797742261137172,1.4808373316619408,9.489825160481555,2.2918580537399,0.9383653390083575,1.7823865577883309,2.3939286076783737,13.206141066893023,9.807646222435508,3.08718407681719
-9.56994201555252,-1.8261960209846495,-1.0970306825637817,0.6343034351145038,1.41793893129771,1.1440839694656493,9.821149743485424,3.6339186194103714,-9.12310542602539,-0.7218518005371093,-0.8056488586425781,4.809160305343512,7.099236641221374,34.47328244274809,10.22395722164675,8.329709990598419,-10.11909331665039,-2.8000188415527343,-1.3060370056152344,-3.5267175572519083,-2.595419847328244,-27.221374045801525,9.43285480529705,0.0793305713390325,0.050473254977616275,0.29467371936242864,0.011686110349989048,5.510342707938786,7.2340372064565,308.7218393086067,0.024109207310148068,4.532686134713158,-9.51276174621582,-1.8848352569580078,-1.0905588562011719,0.7633587786259542,1.221374045801527,0.6412213740458016,9.79143123307238,3.873976233722756,9.572578724461609,1.9051681359981316,1.1023440610065198,2.4316010272527944,3.0404914108324976,17.607690576500797,9.822377079468797,4.211656522938514
-9.583933131504057,-1.7899089020729064,-1.0907271985054017,0.8091603053435115,0.776956106870229,0.01288167938931295,9.820360339091522,2.852595127732712,-9.27633433227539,-1.0690110412597655,-0.9026140258789062,4.809160305343512,6.549618320610687,30.748091603053435,10.12369012823542,8.329709990598419,-9.97184991455078,-2.426523382568359,-1.3060370056152344,-2.778625954198473,-2.595419847328244,-21.893129770992367,9.59013710639574,0.0793305713390325,0.03056250593611006,0.16748007059408335,0.012468338600281091,3.3430234252083215,6.956056736113133,226.0809336486073,0.016267693949186722,3.8559925120913707,-9.560047229003906,-1.8555062866210938,-1.0767921966552734,0.8167938931297709,-0.03816793893129775,-2.2671755725190845,9.795428100834393,2.6972394255271066,9.58552746462485,1.8360974778899732,1.0964279092396922,1.9994408780836521,2.7494940494782085,15.035993468549764,9.821188567762608,3.463133187571015
-9.519514143085477,-2.0765584367752075,-0.9771709619522093,0.4775763358778626,0.9599236641221374,0.3754770992366412,9.80162464787935,1.4254712037482413,-9.305064752197264,-1.0690110412597655,-0.8834604125976562,2.473282442748092,5.877862595419847,28.48854961832061,10.082006430737504,4.283850852307758,-9.944316595458984,-2.4672248107910155,-1.235408056640625,-2.2748091603053435,-2.16793893129771,-17.206106870229007,9.59013710639574,0.052887047559355,0.018321229902929854,0.16279552016004756,0.010342480058270181,0.9226550663568556,2.895588106753686,89.69533913197077,0.007721042834599546,1.4202345161266827,-9.49959363708496,-2.2266075439453124,-0.9229647399902344,0.4427480916030534,1.0610687022900764,-0.5572519083969465,9.804140447375307,0.9255233322887132,9.52047639303346,2.11539368948249,0.9824487614837104,1.0727228080671076,1.9537250440364824,9.478202476420405,9.80201850542788,1.8580104060101876
-9.496357723903657,-2.1352537868499755,-0.963366893005371,0.36092557251908397,1.9076812977099236,2.4837786259541983,9.800318943656059,1.4399325058152521,-9.272743029785156,-0.5470750793457031,-0.8259995727539062,4.106870229007634,7.954198473282442,34.54961832061068,10.150919528866078,7.113307896733252,-10.038887561035155,-2.658760943603516,-1.37906015625,-2.16793893129771,-0.2900763358778626,-21.81679389312977,9.540116144409549,0.052887047559355,0.03492411797328557,0.33518089882333124,0.023463826767274272,1.5473629682674375,3.838881983039304,123.16349480653808,0.015511971320668687,2.959485090193607,-9.451709603881834,-2.36187993774414,-0.9085995300292968,0.3129770992366412,1.1068702290076335,-0.35877862595419846,9.790969978479595,0.8065274752801643,9.498196362379433,2.2123493469794715,0.9754689115015898,1.2952336612232043,2.7346169597717926,11.372451409844977,9.801110313056602,2.2434105089120444
-9.55069487876892,-1.8370447472572327,-1.0997989782333373,0.2981870229007634,1.188692748091603,1.3489980916030535,9.81139848097125,2.0807747774133745,-9.191340173339842,-0.5470750793457031,-0.8259995727539062,4.106870229007634,7.954198473282442,34.54961832061068,10.150919528866078,7.113307896733252,-10.038887561035155,-2.658760943603516,-1.408987677001953,-2.16793893129771,-4.641221374045801,-21.81679389312977,9.535137834934078,0.052887047559355,0.0543358915315688,0.40092176917428457,0.03536161433494414,2.4405990964250335,12.460767635827604,236.21112090778146,0.02714298592722322,3.258920116834683,-9.458892208862304,-2.008735192871094,-1.0827777008056638,0.05343511450381675,0.7251908396946565,-1.0687022900763359,9.78421218544467,1.427950284102586,9.553539059368232,1.9431045192165228,1.1157595649861296,1.5904447796297279,3.724749398978832,15.428250605915439,9.812781620841879,2.7547311649513753
-9.564611175918579,-1.7784055112838744,-1.10453126745224,0.54293893129771,0.30081106870229,0.5741889312977098,9.802337029660043,1.864268426467265,-9.072827191162109,-0.8607154968261719,-0.7733271362304687,3.435114503816794,7.450381679389313,26.70229007633588,10.141027910306065,5.949792850427441,-9.97783541870117,-2.431311785888672,-1.408987677001953,-2.045801526717557,-4.641221374045801,-21.572519083969464,9.370322786509291,0.0264435237796775,0.03977394991865558,0.18358059508061847,0.022184607822554363,1.480325119456908,12.012081752866237,227.64294488365698,0.024230339628422363,1.8498266418040907,-9.57082113647461,-1.9177555297851563,-1.089361755371094,0.45038167938931295,-0.6870229007633588,-1.0687022900763359,9.799828622452043,1.5601679030009734,9.56669017458103,1.82929132661954,1.1145285678717285,1.3323317164188533,3.478874681836075,15.09876279078792,9.803572898829943,2.3076662253729032
-9.5384994140625,-1.952377930355072,-1.0331354257583618,0.4615935114503817,1.3919370229007635,-0.12953244274809167,9.805071664895312,1.4820768718391133,-9.072827191162109,-1.143231292724609,-0.7733271362304687,2.6717557251908395,6.442748091603053,25.98473282442748,10.02341782389851,4.6276166614435645,-9.885658654785155,-2.692279766845703,-1.2294225524902342,-1.1755725190839694,-2.717557251908397,-17.81679389312977,9.370322786509291,0.0264435237796775,0.039618783028168014,0.24616417131511184,0.010775910629238364,0.9167133484900354,6.089523881821426,158.06355975895562,0.019247974204705354,1.1927939008689763,-9.553463174438477,-2.0177134490966795,-1.0456675750732423,0.35877862595419846,1.3740458015267176,-1.6030534351145038,9.835782406479748,1.2825109033143596,9.540575970825808,2.0144338545240608,1.0383374781766042,1.0629119993222058,2.8331982912502376,12.573000374321156,9.806053147313532,1.8410175868006768
-9.487940608692167,-2.2297873430252073,-1.0499322467803955,0.1741412213740458,1.4277194656488552,-1.7404580152671758,9.812237908240546,1.0602200315414454,-9.132682232666015,-1.235408056640625,-0.7757213378906249,1.3893129770992367,5.648854961832061,18.80916030534351,10.02341782389851,6.690211516258412,-9.885658654785155,-2.692279766845703,-1.1049240661621094,-3.862595419847328,-0.2748091603053435,-17.297709923664122,9.404607661557032,0.0,0.022478861770457263,0.16710958403286638,0.0030767536053082963,0.6379342604597633,1.469407320286551,37.388642852980595,0.0079787435104951,0.8807117610424802,-9.463082061767578,-2.367865441894531,-1.061229885864258,0.3053435114503817,1.1068702290076335,-0.7938931297709924,9.81337970200028,0.9651886179582294,9.489125136483361,2.266949752232784,1.0513964411365664,0.8174713606245834,1.872909552775895,6.357502414933741,9.812644470856126,1.4159019303342388
-9.525181667327882,-1.9783774640083311,-1.1269582033157346,0.2166030534351145,1.5007156488549618,2.307490458015267,9.815989638200508,2.0601157744605016,-9.285911138916015,-0.4106055847167968,-0.9253589416503906,4.458015267175573,7.297709923664122,36.99236641221374,10.16532864778798,7.721508943665835,-10.065223779296874,-2.574963885498047,-1.3958195678710936,-3.954198473282443,-0.9465648854961832,-21.0381679389313,9.578717771046938,0.0,0.02878960182922651,0.40720692949338017,0.017066542849753653,2.997478840102558,3.6195492664143987,167.56882514995849,0.01250847462842433,4.889110164398928,-9.466673364257812,-2.3211785095214843,-1.073200894165039,0.25190839694656486,1.045801526717557,1.1526717557251906,9.812284995710922,1.242845617644843,9.526692783827365,2.0787458525729923,1.134504885344432,1.7448196820473951,2.4231584193223044,13.148891107762282,9.816626765436697,3.0221163393522623
-9.596409166717528,-1.603797132396698,-1.2311246802330016,0.6192748091603054,1.7056297709923662,2.599952290076336,9.826160044257158,3.145126609545395,-9.184157568359376,-0.4106055847167968,-0.9253589416503906,4.458015267175573,7.297709923664122,36.99236641221374,10.16532864778798,7.721508943665835,-10.065223779296874,-2.574963885498047,-1.4592659118652342,-3.954198473282443,-2.6564885496183206,-21.0381679389313,9.4539775956361,0.052887047559355,0.04762530277253249,0.3311082756033384,0.02239126936384437,4.68208346687256,8.428358405323117,283.3905707686578,0.026605747606765928,5.304932878328769,-9.569025485229492,-1.715445489501953,-1.2545616699218751,-0.08396946564885491,1.1603053435114505,2.229007633587786,9.822100266272237,2.6575741398575907,9.598890258661818,1.7038995033414412,1.240185166675789,2.2506853969697973,3.3671250824729673,17.033799419957106,9.827513773226809,3.898301459405016
-9.600093992710113,-1.711741958808899,-1.2343231840133666,1.0002385496183206,0.6443225190839694,-2.4317748091603053,9.839832317438248,2.6703827216883718,-9.184157568359376,-0.928950244140625,-1.0271125122070313,3.83206106870229,6.8396946564885495,26.229007633587788,10.094117251780297,6.637324468699057,-9.94671079711914,-2.5546131713867184,-1.4592659118652342,-1.862595419847328,-2.977099236641221,-20.366412213740457,9.4539775956361,0.052887047559355,0.03113167324940451,0.17838932523330717,0.014532372353297874,2.6918375399707184,7.877368595124848,170.8638589589039,0.01717226054246992,3.946000208048045,-9.59655880432129,-1.6861165191650387,-1.244386312866211,0.748091603053435,-0.04580152671755725,-4.1603053435114505,9.857848219945305,2.1551471880437174,9.601715281246273,1.763079651853606,1.2401959905378637,1.9215396681081762,2.8796736106238776,13.295765780178687,9.840704867835669,3.328204333922399
-9.510891276168822,-2.0965537615776064,-1.1243582499504088,0.5994751908396947,0.5217080152671756,-2.5250477099236646,9.814399177322983,1.6258635323911097,-9.253589416503903,-1.083376251220703,-1.0103531005859374,3.3282442748091605,4.458015267175573,14.595419847328245,9.949473297439786,5.764688183969699,-9.795876092529296,-2.584540692138672,-1.3634978454589843,-1.2213740458015268,-2.977099236641221,-18.0763358778626,9.649889861446916,0.052887047559355,0.017257906857944365,0.1822929387717914,0.010750822101175554,1.1989485037840162,2.7388814367424685,52.756560057597895,0.004642472413843109,2.0315247986896163,-9.475651620483397,-2.309207501220703,-1.0708066925048827,0.38167938931297707,1.0763358778625955,0.24427480916030533,9.811053796151958,1.1238497606362943,9.511798503645993,2.139586552106972,1.1291289989778501,1.2483264830228926,1.7352408161222128,7.6897611142992375,9.81463568780074,2.1621648930294177
-9.463493565177917,-2.2185832274436947,-1.0703951890945433,0.06202290076335874,1.9052958015267176,4.016698473282443,9.789248394445787,1.562646983355318,-9.162609753417968,-0.5829881042480468,-0.939724151611328,4.137404580152672,7.190839694656488,36.65648854961832,10.205889006671862,7.298412563190994,-10.078391888427731,-2.584540692138672,-1.4987702392578124,-4.213740458015267,0.1221374045801526,-10.213740458015268,9.4303378952268,0.052887047559355,0.026480004604564615,0.18127508393886457,0.010755366508307263,1.6570922076219334,3.5988300484201092,86.56308430999067,0.014694182987374156,2.540951548933628,-9.462483511352538,-2.339733572387695,-1.0510545288085935,0.3129770992366412,1.1145038167938932,1.2213740458015268,9.797930790768175,1.0048539036277455,9.464892522515425,2.259067644191591,1.0754074703781122,1.2887742423873294,2.688676652134921,10.133950411130902,9.789998892295484,2.2322224673009416
-9.558307691860199,-1.762693562889099,-1.2068646837234498,0.5935114503816794,1.740219465648855,1.7631202290076338,9.815798397209631,3.0302625531274203,-9.081206896972656,-0.5710170959472656,-0.939724151611328,4.702290076335878,7.801526717557252,36.65648854961832,10.205889006671862,8.144605324140674,-10.078391888427731,-2.501940734863281,-1.4987702392578124,-4.213740458015267,-1.816793893129771,-18.916030534351144,9.409828112617298,0.10577409511871,0.050034279733137774,0.3734635009028129,0.028794470561973082,4.462061505739758,6.3898410071346365,201.81881149253758,0.027250970278162714,5.260460901535459,-9.49959363708496,-1.9710265167236325,-1.2006921325683595,0.45038167938931295,0.9999999999999999,-0.18320610687022895,9.810476044822153,2.406360663950654,9.560924652564049,1.8656237824259956,1.2187357528934954,2.1941552696821445,3.06890938213526,14.315285691681936,9.817186416939496,3.8003884067844655
-9.600655133724214,-1.5694553023338318,-1.3068974218368528,0.8571087786259541,0.8630725190839695,-1.4575381679389308,9.828061764853757,3.516575482638052,-9.081206896972656,-0.5710170959472656,-1.1348515869140623,4.702290076335878,7.801526717557252,25.3587786259542,10.148769355567772,8.144605324140674,-10.022128149414062,-2.270900274658203,-1.4927847351074215,-3.145038167938931,-2.183206106870229,-18.916030534351144,9.409828112617298,0.0793305713390325,0.03831996040184034,0.22044961014814052,0.010175305772851554,4.948064413404667,5.9420267521560515,183.575869476939,0.021896636475137624,4.681796490315978,-9.597755905151367,-1.6172832214355468,-1.2898761444091795,0.748091603053435,0.1297709923664122,-4.519083969465649,9.821264758397383,3.384771043798722,9.602650621422551,1.6381817836161896,1.3107845654327275,2.3838414107910664,2.5859081432552857,13.627189254866089,9.829175687220953,4.128934440676798
-9.553537993240356,-1.8287024508476257,-1.2267477803230284,0.3633110687022901,0.9420324427480916,0.4458492366412216,9.8146005464912,2.4133847249546307,-9.242815509033203,-0.9732429748535156,-1.042674822998047,3.862595419847328,5.969465648854962,24.106870229007637,10.111808673437835,6.690211516258412,-9.950302099609374,-2.455253802490234,-1.4832079284667967,-3.145038167938931,-2.4122137404580157,-17.0381679389313,9.537614618157436,0.052887047559355,0.028593962460719467,0.17724664212444569,0.016180963536599063,3.062235444376056,5.9201873411186705,136.29050739822492,0.014788639487006483,3.7582653004086297,-9.536105212402344,-1.9291279876708984,-1.21924719543457,0.29007633587786263,0.7557251908396947,-0.7175572519083969,9.811076148679248,1.5866114267806508,9.555034387732348,1.876539180475739,1.2333252126118546,1.7872409957858666,2.609140177205626,11.682863045505519,9.815353917545323,3.0955922100711146
-9.507992047595977,-2.101136413192749,-1.1298761365890502,0.4165076335877862,1.1259541984732824,0.3401717557251908,9.808322931049918,1.308128066975922,-9.327809667968747,-1.255758770751953,-1.042674822998047,2.7938931297709924,5.969465648854962,22.946564885496183,10.018863616220957,4.8391648516809855,-9.840168823242188,-2.455253802490234,-1.4245499877929686,-2.4885496183206106,-2.4122137404580157,-17.0381679389313,9.62383144762199,0.052887047559355,0.014209142168343966,0.09371302643647975,0.008609955714964026,0.9029738123506789,2.6317303770176563,54.574110401127555,0.0066404925863393725,1.5181582239525668,-9.481038574218749,-2.204461178588867,-1.1013327636718748,0.4427480916030534,1.213740458015267,0.4580152671755725,9.803360961759772,0.8990798085090355,9.5087392392113,2.1233198659836843,1.1336798665180405,1.0375222509361313,1.9747159882062202,7.395257076296991,9.808661438358754,1.7970412526046056
-9.544279166507721,-1.9026234271049498,-1.1723732160568237,0.3139312977099236,1.7459446564885497,1.3704675572519083,9.821367654668258,1.7295717272145326,-9.120711224365234,-0.45968671875,-0.9648632690429688,2.7480916030534357,9.49618320610687,35.725190839694655,10.18411514919418,5.553139993732279,-10.06163247680664,-2.4959552307128905,-1.5322890625,-3.206106870229008,-1.6641221374045805,-19.0381679389313,9.357026359176704,0.0793305713390325,0.03099462101159632,0.32985534732563776,0.028365406316434416,1.5327404798671407,5.840556838088544,142.52110703184184,0.017652437819130562,1.9024616590670709,-9.493608132934568,-2.1900959686279293,-1.102529864501953,0.5419847328244275,1.282442748091603,0.4732824427480916,9.813946131484222,1.203180331975327,9.545902756117146,1.987418237989735,1.184408866922168,1.2772209439047644,2.9814224091211,12.016625497922528,9.82226628869239,2.212211567334131
-9.568333411312103,-1.6450597016334534,-1.2784288677215576,0.8635496183206107,1.525763358778626,1.8776240458015265,9.812689740240401,2.8922604134022283,-8.984241729736327,-0.45968671875,-0.9648632690429688,3.694656488549618,9.49618320610687,35.725190839694655,10.20141864782584,6.399332754681959,-10.06163247680664,-2.4959552307128905,-1.571793389892578,-3.206106870229008,-2.473282442748092,-19.0381679389313,9.271896628814773,0.10577409511871,0.051842044820159236,0.3470216705076984,0.0301671383172614,3.010538976458249,10.316443352660102,212.77699793272174,0.033756977219576115,2.9036004603461336,-9.533711010742188,-1.8399439758300784,-1.293467446899414,1.0381679389312977,0.6717557251908397,-1.2824427480916032,9.820862794411983,2.4195824258404928,9.571042070477574,1.7473531676355656,1.290173441108243,1.9381065295179007,3.555896114856498,14.707225094833282,9.814409657001221,3.3568989796059943
-9.583297171688077,-1.6492495545387267,-1.2897639162063599,0.8687977099236641,0.6259541984732825,-0.60543893129771,9.819727146835863,2.9534110621427327,-8.984241729736327,-0.7948749511718749,-1.090558856201172,3.694656488549618,7.480916030534351,22.549618320610687,10.20141864782584,6.399332754681959,-10.04247886352539,-2.1894974182128903,-1.571793389892578,-3.0381679389312977,-3.0076335877862594,-14.793893129770993,9.271896628814773,0.10577409511871,0.04646938214051785,0.17508591840390708,0.0137960979288222,3.0871140868102094,8.311498455800944,148.86764479597633,0.031409893746961154,2.8031337407493737,-9.561244329833983,-1.762730972290039,-1.293467446899414,1.1450381679389312,-0.35877862595419846,-2.8931297709923665,9.811272913419131,2.7633482349763003,9.58572136372768,1.7015022807948554,1.2951011765405775,1.9600825359098561,2.9501384907131523,12.216145099642,9.821326342813997,3.394962539224319
-9.540706568717955,-1.9624597639083863,-1.1448586016654967,0.31917938931297707,0.42247137404580154,-1.8971851145038168,9.819813276018358,2.0906910988307534,-9.153032946777342,-1.131260284423828,-0.9612719665527344,2.6717557251908395,6.244274809160306,22.396946564885496,10.14119409202591,5.262261232155826,-9.95868180541992,-2.461239306640625,-1.4712369201660156,-3.0381679389312977,-3.0076335877862594,-14.793893129770993,9.460293791694124,0.0,0.029668720870020877,0.20377713411611803,0.02407360615505032,1.9324683785181513,4.657108084373726,75.78247364800637,0.015818058419584252,1.7320423125109257,-9.49360813293457,-2.10031340637207,-1.1145008728027341,0.633587786259542,0.03816793893129765,-2.3435114503816794,9.809172731485754,1.9303772359164588,9.542261291289815,2.013709378007531,1.1553245535184158,1.426304266655736,2.198997532118186,8.909645616224095,9.82061865842911,2.4704314569000028
-9.447070838165283,-2.307000346565246,-1.030423244190216,-0.06679389312977102,1.3423187022900764,2.6889312977099236,9.78104697280988,1.5775214654813867,-9.364919793701173,-1.5741875915527344,-0.9612719665527344,1.5877862595419847,6.580152671755725,30.885496183206108,9.868025483511998,6.610880944919379,-9.560047229003906,-2.461239306640625,-1.2330138549804688,-3.816793893129771,-2.519083969465649,-6.488549618320611,9.622604305937084,0.0,0.002181304227514942,0.03550723688587102,0.00260603538487701,1.6318359944059202,2.8518756532799663,68.24945734514306,0.002584774717483594,2.4203182816415127,-9.446921200561524,-2.385821954345703,-1.025915411376953,0.25190839694656486,1.2900763358778624,0.3969465648854962,9.789044395619758,1.0974062368566169,9.447186286166925,2.3146830962224696,1.031687015306661,1.2791784154547603,2.1572424879455903,8.6879116517692,9.781179103719081,2.2156020075130947
-9.520449378108978,-1.946018332195282,-1.164367604255676,-0.07180343511450381,1.914360687022901,3.260496183206107,9.80485721166037,2.7662404953897024,-9.12310542602539,-0.7302315063476562,-0.9995791931152344,4.519083969465649,6.732824427480916,30.885496183206108,10.125664191563711,7.827283038784546,-9.952696301269532,-2.4492682983398435,-1.455674609375,-3.816793893129771,-1.099236641221374,-17.083969465648856,9.465281866912015,0.0264435237796775,0.03645399443598493,0.31255758935136946,0.023044266276861153,4.371785441462473,4.127226102700163,143.12813119136416,0.0185265372316882,5.478737045936279,-9.459490759277344,-2.231994497680664,-1.0905588562011719,0.17557251908396945,1.3282442748091603,0.5801526717557253,9.800621084982836,2.406360663950654,9.522363695825296,2.024733300608126,1.1742215225914419,2.092114044395457,2.791415938680396,12.399958328642308,9.805801929382422,3.623647820121341
-9.635745151805878,-1.5394903721809388,-1.288417177772522,1.2261450381679388,0.6209446564885496,-2.99212786259542,9.85740696684924,3.799603823092413,-9.12310542602539,-0.7302315063476562,-1.0498574279785156,4.519083969465649,7.099236641221374,23.129770992366414,10.173245291500484,7.827283038784546,-10.016142645263672,-2.422932080078125,-1.4604630126953124,-3.3740458015267176,-2.3206106870229006,-17.083969465648856,9.465281866912015,0.2115481902374201,0.047961498285031844,0.2563250444231704,0.014342929808188803,4.7894708568847975,6.404128945628898,134.2733122500692,0.02779142299601148,4.441718322067478,-9.664195001220705,-1.43652099609375,-1.3168109130859373,1.5877862595419847,-0.28244274809160297,-6.427480916030534,9.86396220701289,4.006193852621143,9.638233558533198,1.6206034834162781,1.2939713110372653,2.5085658276211635,2.605705511382777,11.967712454608401,9.858816538159333,4.344963467570925
-9.625887774658203,-1.5821370892524718,-1.2792144651412964,1.228053435114504,0.344942748091603,-2.496898854961832,9.849105842987164,3.8326582278170096,-9.162609753417968,-0.9409212524414062,-1.0498574279785156,3.740458015267176,7.099236641221374,24.625954198473284,10.173245291500484,9.440337989344872,-10.016142645263672,-2.310404602050781,-1.5167267517089842,-5.450381679389313,-2.3206106870229006,-13.84732824427481,9.510905448700052,0.4759834280341953,0.03664363605474551,0.18015236452353928,0.01428243940743091,4.748862792086708,6.229311511202727,113.75239590996665,0.02345540095106323,4.081665003496299,-9.596558804321289,-1.5340847137451172,-1.2797007873535153,1.618320610687023,-0.28244274809160297,-4.450381679389313,9.842993661583114,3.754980376714207,9.62779097645815,1.6380812353823675,1.2847848408329559,2.501395216990558,2.5195827056605453,10.953853194281743,9.850296508598865,4.332543605637423
-9.526453586959839,-1.943231331825256,-1.1754033775329589,0.7399809160305344,1.1278625954198473,0.37523854961832054,9.80262892604013,2.8087980414726212,-9.162609753417968,-1.0342951171875,-1.0390835205078124,2.946564885496183,5.7251908396946565,24.625954198473284,10.128961011361532,9.440337989344872,-9.947907897949218,-2.313995904541016,-1.5167267517089842,-5.450381679389313,-2.2748091603053435,-12.030534351145038,9.510905448700052,0.3173222853561301,0.02218885414400776,0.15547456948664545,0.015857710260501034,3.2491402653545824,3.2327479459238977,58.5359230572774,0.013026325655695573,3.500789626551483,-9.501389288330078,-2.1332336791992184,-1.1186907257080079,1.2748091603053435,1.0534351145038168,-0.29770992366412213,9.800094915534231,2.4724694733998476,9.527618107304889,1.9828319592123798,1.1821297772141555,1.948515337749224,2.122456590856711,7.66007356533846,9.803293333737106,3.3749275643088867
-9.464746780109405,-2.2186954556465146,-1.1155296313285827,0.299618320610687,1.8396946564885497,1.7655057251908395,9.785818464551229,1.4461302067011141,-9.349357482910156,-1.8650830932617184,-1.0390835205078124,1.938931297709924,6.595419847328245,28.47328244274809,9.92447445566522,5.024269518138728,-9.631873278808593,-2.3535002319335936,-1.361103643798828,-2.900763358778626,-0.3969465648854962,-3.83206106870229,9.665114617982978,0.1322176188983875,0.0035962676116091533,0.008389059882800694,0.0047209994551291636,1.113247334071441,2.3028014101742325,35.54161592555431,0.0029108006677113518,1.5177628416176214,-9.46727191467285,-2.2284031951904293,-1.1037269653320312,0.25190839694656486,1.4045801526717558,0.3511450381679389,9.795711583244472,1.0577409511871008,9.464936760443937,2.2205851897167324,1.1176436631714122,1.0968219874332432,2.3848014255461094,6.217606162441936,9.785967188879159,1.89975140909305
-9.54616834125519,-1.7977461715698242,-1.3074398581504822,0.10019083969465647,1.603053435114504,2.0577290076335877,9.820411262335227,1.8477412241049667,-9.312247357177734,-0.6572083557128906,-1.0606313354492187,3.3740458015267176,6.854961832061068,29.16030534351145,10.069689563614007,5.844018755308731,-9.93952819213867,-2.3535002319335936,-1.6711527587890624,-2.900763358778626,-2.0,-16.061068702290076,9.519777993747192,0.0,0.024083608468968884,0.32016204364563355,0.037621896922725884,2.2496203236990855,5.221505157042131,120.53018813552532,0.012010467294092934,3.364827952916497,-9.48702407836914,-2.0985177551269527,-1.2886790435791016,0.1679389312977099,1.1603053435114503,0.6793893129770991,9.811247736175053,0.9784103798480681,9.547429685944369,1.8846891895056843,1.321749174239681,1.5032160616683836,2.7912874221180703,11.169800213270694,9.821022748608959,2.603646593563231
-9.609521161746978,-1.446584124946594,-1.4130278923034667,0.5760973282442747,0.982824427480916,0.14217557251908386,9.831640709095353,2.3968575225923323,-9.271545928955078,-0.6572083557128906,-1.2174515441894531,3.3740458015267176,6.854961832061068,29.16030534351145,10.103097898545029,5.844018755308731,-9.93952819213867,-2.1906945190429687,-1.6711527587890624,-2.8091603053435112,-2.0,-16.061068702290076,9.519777993747192,0.0,0.030718109459140518,0.2011306706861805,0.017332901296122548,2.480488041107016,6.174337888234952,152.30191914078432,0.02017306173852962,2.69220253454417,-9.600150106811522,-1.485602130126953,-1.3850456604003907,0.6946564885496183,0.03816793893129765,-2.3893129770992365,9.823877568511149,2.141925426153879,9.61111934519191,1.5145086005809556,1.419147887192769,1.6770140645555742,2.672130562582626,12.341885311175334,9.832666581069425,2.904673564817848
-9.566893149375915,-1.6579098308563232,-1.3225906655311583,0.41770038167938933,0.8587786259541984,-0.20753816793893143,9.809980852603324,2.7183116085390373,-9.271545928955078,-0.8978256225585937,-1.1061211669921875,3.114503816793893,6.152671755725191,22.564885496183205,10.103097898545029,7.35129961075035,-9.938331091308592,-2.351106030273437,-1.5514426757812498,-4.244274809160306,-1.801526717557252,-14.412213740458014,9.54236779834482,0.0,0.022869490106912704,0.1856774682890671,0.016316109705421696,3.3693721751901116,4.64619631723093,115.64229735118874,0.012494347033536343,3.2423193510175694,-9.57620809020996,-1.7573440185546874,-1.322796417236328,0.7786259541984732,0.29770992366412213,-3.32824427480916,9.804218152401289,2.5253565209592033,9.568088315942884,1.7129922578748304,1.3287445872911672,1.8825105003811318,2.3202795188568794,10.75571333953914,9.810617650050245,3.26060383244203
-9.497330368328095,-2.071489462947846,-1.1796680492401121,0.3571087786259542,0.7559637404580153,-0.1359732824427482,9.802758097906619,1.9613657403457685,-9.381679205322266,-0.9911994873046874,-1.052251629638672,3.114503816793893,4.366412213740458,22.564885496183205,9.952331865658053,7.35129961075035,-9.78031378173828,-2.4349030883789062,-1.5382745666503903,-4.244274809160306,-1.4351145038167938,-14.13740458015267,9.662561954247304,0.052887047559355,0.010221752209742016,0.18386519378149596,0.020731844935302883,2.423668617705116,1.424975177637521,50.40375501682594,0.0027218915217330974,3.8066303250284075,-9.456498007202146,-2.278681430053711,-1.1103110198974608,0.5038167938931297,0.6183206106870229,-0.3740458015267175,9.79499684066609,1.2957326652041985,9.497868491265647,2.115403930431597,1.1884227157595377,1.5972461605766461,1.4129601390431346,7.100862183591806,9.802896929866982,2.7665115023130684
-9.453318208122253,-2.2839187461853023,-1.0908768361091612,0.0760973282442748,1.6555343511450382,3.3656965648854964,9.790304148653515,0.9771708396708956,-9.254786517333985,-1.1671733093261718,-1.0031704956054688,1.3740458015267176,6.641221374045801,28.80916030534351,10.123919443368695,5.024269518138728,-9.961076007080075,-2.4971523315429685,-1.381454357910156,-2.900763358778626,0.0916030534351145,-1.3435114503816794,9.534400175600494,0.052887047559355,0.008663739887690442,0.070713043376146,0.004913985441259867,0.6049144294293747,2.4202397514713594,57.90662643266345,0.005757700314773616,0.8772528484827515,-9.444526998901368,-2.3786393493652342,-1.071405242919922,0.2061068702290076,1.1526717557251906,0.2061068702290076,9.79367183716376,0.7933057133903255,9.453776435049827,2.2993472731522724,1.093126825670651,0.7814763162088098,2.2717908660993826,8.32072952327772,9.790598195384028,1.3535566845854203
-9.540295065307618,-1.901370212173462,-1.2030115154266356,0.3494751908396947,1.7507156488549618,2.6677003816793894,9.819777888346739,2.136554085386132,-9.254786517333985,-0.8164227661132812,-1.0031704956054688,4.290076335877862,6.641221374045801,28.80916030534351,10.182810855398932,7.430630182089382,-10.031704956054687,-2.4971523315429685,-1.4772224243164065,-2.900763358778626,-1.9694656488549616,-16.259541984732824,9.534400175600494,0.052887047559355,0.040264640929134426,0.30624613346713325,0.02202544161588219,2.7281198443236114,5.250874473278801,135.10489075656648,0.020173762671145408,3.985894900227988,-9.466074813842773,-2.11946701965332,-1.1569979522705078,0.07633587786259535,1.0,0.5038167938931297,9.808552370663854,1.1635150463058106,9.54240507283473,1.9802663500670026,1.2121312420134103,1.6882691590312406,2.883726713200204,11.925666274174322,9.820805035185998,2.9241679602936896
-9.606921208381653,-1.569286960029602,-1.3192238194465635,0.8766698473282442,1.0193225190839694,-0.9515744274809161,9.838091556802599,2.8141693822403684,-9.108740216064453,-0.8164227661132812,-1.0821791503906248,4.290076335877862,8.687022900763358,21.84732824427481,10.182810855398932,7.430630182089382,-10.031704956054687,-2.440888592529297,-1.6268600280761718,-2.198473282442748,-3.145038167938931,-16.259541984732824,9.417837901265877,0.0793305713390325,0.049673522240634364,0.2502213346642651,0.021366713900739208,3.1132422694445254,10.045930760062788,136.1949336772879,0.029164243542381244,3.7258275600380224,-9.607332711791992,-1.5382745666503905,-1.3108254089355467,0.9236641221374046,-0.1679389312977099,-4.366412213740459,9.81598929122754,2.4328041877303312,9.609506159334819,1.6470831483514166,1.327297329047233,1.9702264566945225,3.3294067276279837,11.708989177906158,9.839573655579441,3.412532325411315
-9.591022212982178,-1.5855787541389463,-1.2996212933540345,0.5033396946564885,0.6729484732824429,-0.44751908396946566,9.819646011871145,2.1865488725320845,-9.108740216064453,-0.852335791015625,-1.052251629638672,3.480916030534351,8.687022900763358,21.84732824427481,10.175339169553586,6.0291234217664735,-10.006565838623048,-2.2864625854492187,-1.6268600280761718,-1.4961832061068705,-3.145038167938931,-13.923664122137405,9.417837901265877,0.0793305713390325,0.03875283993414261,0.19667550837734898,0.02316818700085963,1.8712339661878676,9.790020283546268,106.17389629829265,0.0239313184890474,1.5927584712429346,-9.604339959716796,-1.6124948181152343,-1.2677297790527342,0.717557251908397,-0.6717557251908397,-4.572519083969466,9.807848112169081,2.075816616704685,9.593042266656166,1.6464311385400128,1.3085043726102226,1.4575955592703878,3.200449957621496,10.313785417043032,9.82086447910498,2.524629565543085
-9.523610472488402,-1.9629647908210752,-1.1233481961250305,0.5765744274809159,0.5622614503816794,-0.4479961832061068,9.801136988686295,1.7035413834939126,-9.291896643066403,-0.9660603698730468,-0.9540893615722656,1.6793893129770991,5.022900763358779,19.541984732824428,10.097756961289347,2.9087876157645267,-9.938331091308592,-2.4097639709472656,-1.4903905334472656,-1.4961832061068705,-2.0763358778625958,-10.01526717557252,9.560783059435384,0.052887047559355,0.01981464789815881,0.20957702599507388,0.0279877258142334,0.8050721271159896,2.9609474585360704,43.014394694000934,0.009391500144162207,0.5104773473464541,-9.488221179199218,-2.194285821533203,-1.0474632263183594,0.900763358778626,0.5419847328244275,-0.6183206106870229,9.789492164597224,1.7584943313485546,9.5246507064348,2.0156407904183475,1.1357371595363046,1.066541231055291,1.810272188683619,6.573818926177399,9.801616079562534,1.8473036005548213
-9.458592933654785,-2.3320833498954774,-0.9640589669227599,0.4973759541984733,0.9048187022900763,-0.01502862595419846,9.789686485764099,1.1085620984511684,-9.404424121093747,-2.1930887207031247,-0.9145850341796874,1.6793893129770991,1.450381679389313,1.3129770992366412,9.870201171430107,2.9087876157645267,-9.534908111572266,-2.4205378784179685,-1.042674822998047,-0.5038167938931297,-0.3816793893129771,-4.137404580152672,9.72760120115266,0.052887047559355,0.0008896108169946672,0.003824100233379107,0.0010069890501652951,0.3575097946470194,0.2563096715481324,1.0138795247035428,0.0007619376964169058,0.5857679772631257,-9.457695108032226,-2.342127774047851,-0.9606734161376953,0.5419847328244275,1.0916030534351147,0.1374045801526717,9.795118165073667,0.9387450941785519,9.458639960131753,2.332903095092698,0.9645810908131801,0.7777484390610252,1.0368252290343007,1.007027995788406,9.789725401013486,1.3470998119610824
-9.535207386779785,-1.9579519310951232,-1.0756325052261353,0.1801049618320611,1.7934160305343512,1.8196564885496183,9.815353594471462,1.9043468921958386,-9.30147344970703,-0.5686228942871093,-0.9145850341796874,4.687022900763359,8.351145038167939,31.34351145038168,10.171201351740914,8.118161800360998,-10.05564697265625,-2.4205378784179685,-1.4939818359375,-2.687022900763359,-2.33587786259542,-17.282442748091604,9.522250871156494,0.10577409511871,0.02848778798069218,0.37596515172119604,0.03910812307616565,2.656081956817056,4.438938354044054,113.0782870680613,0.013135837952156651,4.439022176464804,-9.464877713012694,-2.3235727111816407,-0.9630676177978514,-0.15267175572519082,1.3511450381679388,0.6717557251908397,9.798932390042626,0.9123015703988744,9.53670109088465,2.0517165779415825,1.0936605549141916,1.6396706236600034,2.76681756041515,10.788393615565852,9.816022719128966,2.8399928278572735
-9.577854103851319,-1.6442741042137143,-1.250072541809082,0.0739503816793893,1.8740458015267176,2.718034351145038,9.815282370695693,3.2773442284437824,-9.265560424804686,-0.5686228942871093,-0.958877764892578,4.687022900763359,8.351145038167939,31.34351145038168,10.171201351740914,8.118161800360998,-10.05564697265625,-2.397792962646484,-1.4939818359375,-3.435114503816794,-2.33587786259542,-17.282442748091604,9.522250871156494,0.2115481902374201,0.03893653908195592,0.2934848221275808,0.02689602725180929,5.063423014028903,5.894317056115611,170.45182367541227,0.02115729620605864,4.465689827224521,-9.503184939575196,-1.7884686401367187,-1.245583413696289,-0.7251908396946565,1.732824427480916,2.8091603053435117,9.814491520830394,2.855900568205172,9.579886521965879,1.7312198450559058,1.2607844332148253,2.25141992373245,3.066979739472618,13.335649005932057,9.816360084710407,3.89957369707745
-9.586308628463744,-1.6251766050338743,-1.2675801414489745,0.276956106870229,1.1490935114503817,1.2187499999999998,9.812337405856454,2.701784406176739,-9.265560424804686,-1.0845733520507812,-1.1001356628417969,3.83206106870229,4.656488549618321,18.38167938931298,9.99463590933568,6.637324468699057,-9.82580361328125,-2.152387292480469,-1.446097802734375,-3.435114503816794,-1.6030534351145038,-13.770992366412214,9.563861870829898,0.0264435237796775,0.024120068685768534,0.11684025849435445,0.008391114644759615,3.3946365828586624,3.132657203743226,99.55000841069503,0.012657608158770935,3.1143848265143355,-9.601347207641602,-1.677736813354492,-1.2473790649414065,0.2824427480916031,1.0610687022900764,1.0839694656488548,9.814347138882432,2.1948124737132337,9.587566593711054,1.6607345531552549,1.2708857264288407,1.8631535814289104,2.1102305802448686,10.051634691590968,9.812982369011397,3.2270766653387906
-9.566762216472625,-1.8197803087234496,-1.1555763950347901,0.5095419847328244,0.5047709923664122,-1.3864503816793892,9.816395414800102,1.4403456858743098,-9.35893428955078,-1.1791443176269532,-0.9828197814941406,2.778625954198473,3.816793893129771,16.47328244274809,9.99463590933568,4.812721327901309,-9.823409411621093,-2.337937921142578,-1.3922282653808593,-1.7557251908396947,-1.6641221374045805,-11.709923664122137,9.63672570078674,0.0264435237796775,0.014896720868574468,0.16724747035078874,0.01545181552900428,0.91719232562205,2.150077756249636,44.74318130499388,0.005873550347330454,1.4558803846658122,-9.566631283569336,-1.7986439971923829,-1.1456254943847657,0.4732824427480916,0.6106870229007634,-1.9160305343511452,9.804793257149033,1.1238497606362943,9.567540751279651,1.8651669743935535,1.1622429265392864,1.0848158183892396,1.5507648148524034,6.831209700035039,9.81669458066491,1.8789561143045752
-9.4747163854599,-2.2708254558563232,-1.0223054041862487,0.3024809160305343,0.6414599236641222,-1.2230438931297711,9.800346023033406,0.6776152968542363,-9.394847314453123,-1.2952630981445312,-0.9504980590820312,1.1145038167938932,1.618320610687023,1.251908396946565,9.943657786294628,1.9303772359164588,-9.725247143554688,-2.460042205810547,-1.2964601989746094,-0.5038167938931297,-1.6641221374045805,-7.984732824427481,9.71611311843258,0.0264435237796775,0.005147896281914978,0.06531717759534406,0.005945434660475843,0.13596144601130472,0.7992431398774837,6.091654894728601,0.0016355126468482588,0.22320596119107283,-9.445724099731446,-2.3355437194824216,-0.997184991455078,0.3053435114503817,0.7938931297709924,-0.23664122137404575,9.794128854031637,0.594979285042744,9.474988046492946,2.285162013635012,1.02520913675644,0.47692363180490005,1.1003244855699001,2.754540117560575,9.800429464254794,0.8260559616163591
-9.521945754146575,-2.0313304710388183,-1.0922422792434692,0.41841603053435117,1.785543893129771,1.4928435114503817,9.816957681858213,2.012186887609836,-9.373299499511718,-0.689530078125,-0.9504980590820312,3.8931297709923673,7.114503816793893,27.81679389312977,10.07643636766724,6.743098563817767,-9.945513696289062,-2.460042205810547,-1.4257470886230468,-3.84732824427481,-0.3206106870229007,-15.511450381679388,9.623732126519728,0.0264435237796775,0.02336604591812672,0.3413706297414533,0.029208599735401644,2.8425624872530744,2.5561260247618147,89.50057156306451,0.008034772047750723,5.004007314914633,-9.445724099731446,-2.398990063476562,-0.997184991455078,0.32061068702290074,1.3511450381679388,0.633587786259542,9.795074232923536,0.8065274752801643,9.523172632627643,2.113687326051855,1.105532358776698,1.7371339792489229,2.39672547845072,9.577533780297724,9.817366902558074,3.008804311613434
-9.586476970767976,-1.6621932072639465,-1.2311807943344113,0.3031965648854962,1.6607824427480915,2.044608778625954,9.822923842955078,2.8017739804686443,-9.340977777099608,-0.689530078125,-0.9792284790039062,3.8931297709923673,7.114503816793893,27.81679389312977,10.07643636766724,6.743098563817767,-9.945513696289062,-2.43250888671875,-1.5310919616699217,-3.84732824427481,-0.7633587786259542,-15.511450381679388,9.600338917588068,0.052887047559355,0.029439571003439916,0.27494804933952866,0.019400948359956774,4.02089670756002,3.286109993225919,128.12683777669935,0.013188861884599633,4.488537155924044,-9.575609539794922,-1.7992425476074216,-1.2336124053955078,-0.0687022900763358,1.267175572519084,1.3587786259541987,9.820912883564164,2.4195824258404928,9.588012321751998,1.742938411882053,1.2390347439429894,2.028010075053471,2.4585175035712554,11.502489419005506,9.823595150777537,3.5126164882541837
-9.56361982679367,-1.6909423318862915,-1.2650924162864685,0.20109732824427481,1.1068702290076335,1.729246183206107,9.802892341477035,1.8919514904241148,-9.299079248046874,-0.9983820922851562,-1.1228805786132812,2.870229007633588,4.793893129770993,18.18320610687023,10.007729790015189,4.971382470579372,-9.86411083984375,-2.205059729003906,-1.5310919616699217,-2.6412213740458017,-1.5114503816793894,-11.206106870229007,9.600338917588068,0.0,0.025572313771606923,0.15291310385840218,0.00782871758494165,1.8375644971701823,2.6543106462327373,79.97973779345244,0.012184859577407944,2.0545334556734747,-9.542689266967773,-1.859097589111328,-1.246181964111328,-0.1221374045801526,0.9465648854961832,1.2595419847328244,9.802532515354546,1.5866114267806508,9.564956691235595,1.7355688040591912,1.2681827704753275,1.3704030912826957,1.9696376189787166,9.108788621742484,9.803513814860798,2.3736077809510787
-9.5690815993309,-1.7440262718200683,-1.2230068402290342,0.46040076335877866,1.0009541984732824,-0.0448473282442747,9.810622646321992,1.3841531978424948,-9.299079248046874,-1.0869675537109371,-1.1061211669921875,2.213740458015267,4.793893129770993,14.9618320610687,9.995820675867472,3.83431094805324,-9.82580361328125,-2.205059729003906,-1.4257470886230468,-1.6793893129770991,-1.5114503816793894,-11.206106870229007,9.60732754705118,0.0,0.018932563044811085,0.12434486493220823,0.0092353992952184,0.8576293539857817,2.19276174902395,46.11545710477245,0.008892141445155892,1.292914575563778,-9.579200842285154,-1.8830396057128906,-1.2042834350585936,0.30534351145038163,0.8931297709923665,-1.6488549618320612,9.80941717727809,1.203180331975327,9.570070805260432,1.779317987806231,1.226776723997576,1.0342138158461855,1.787364276376039,6.790984346000446,9.811075825309429,1.791310874935276
-9.542240354156494,-1.9647978514671323,-1.1508628105163572,0.4594465648854962,0.9720896946564885,-0.8838263358778626,9.815042173925093,0.8957743680365758,-9.43674584350586,-1.2880804931640624,-1.1013327636718748,1.7404580152671756,1.938931297709924,3.66412213740458,9.972599260018455,3.0145617108832368,-9.797073193359374,-2.2493524597167966,-1.2785036865234374,-0.2595419847328244,0.0763358778625954,-5.312977099236641,9.732671153513053,0.052887047559355,0.007840733726518233,0.08835018484026236,0.0021416266446376694,0.2605232704242177,0.18010353918405103,3.4314442426686966,0.002546451535303841,0.6124315307965738,-9.50617769165039,-2.085948196411133,-1.1324573852539062,0.3511450381679389,1.0839694656488552,-0.3358778625954198,9.802781306919265,0.6082010469325828,9.542651188753531,1.9871539401793015,1.151792878634977,0.686741884851434,1.060689357748722,2.052460288205349,9.815171894952401,1.1894718362482992
-9.397185402011871,-2.092812821483612,-1.2839654590606688,1.3580629770992367,2.0589217557251906,1.6843988549618323,9.750550982999885,17.09201950303,-8.285134844970703,-0.7649474304199219,-0.1640028137207031,38.62595419847328,39.267175572519086,11.312977099236642,11.055607909255782,66.90211516258411,-10.660182891845702,-3.3710359375,-2.8287492614746093,-31.740458015267176,-33.93893129770992,-1.6946564885496185,8.784681686157812,0.0264435237796775,0.3280373017813712,0.31085826587488685,0.3818825334405189,256.4277462683374,276.8309310878409,8.915586611266097,0.28305991462881913,482.6791132623572,-9.48702407836914,-2.1589713470458984,-1.1318588348388672,0.32824427480916024,1.2290076335877864,0.9541984732824429,9.796853871696882,1.7717160932383935,9.41462324161548,2.1658078796700972,1.4249385367451444,16.070845693929893,16.765145089859477,3.4282336725875076,9.765055267980252,27.835521262486086
-9.49338367652893,-1.7724387118339537,-1.5970821449279784,1.8210877862595423,3.47256679389313,2.1653148854961835,9.853546230002248,32.08591066616621,-8.285134844970703,-0.689530078125,-0.1640028137207031,38.62595419847328,42.50381679389313,11.312977099236642,11.165107364024507,66.90211516258411,-10.7260234375,-3.3710359375,-3.022679595947265,-31.740458015267176,-33.93893129770992,-1.6946564885496185,8.60348804504443,0.0264435237796775,0.6279413619066571,0.5001113292538761,0.7483196832852625,455.0971859794738,577.337931426545,8.519627022664036,0.6005430622956254,345.7349768370142,-9.489418280029298,-1.7483657623291013,-1.5945383056640625,2.145038167938931,3.1297709923664123,1.7022900763358781,9.773996455235823,34.667459675157225,9.526398846977415,1.9083108542534366,1.8163124898907168,21.410594263231868,24.27749269518156,3.634310880485513,9.883972701757482,37.084237084160335
-9.611316812992095,-1.656020656108856,-1.4707318932533264,-0.6431297709923661,0.21040076335877866,-0.23449427480916032,9.89550884222606,19.617789204048258,-8.315062365722655,-0.689530078125,-0.3459621398925781,32.778625954198475,42.50381679389313,3.5877862595419847,11.165107364024507,56.77424555496763,-10.7260234375,-2.2469582580566403,-3.022679595947265,-28.41221374045801,-31.72519083969466,-3.3740458015267176,8.60348804504443,0.0264435237796775,0.29629913718316386,0.16688330306600668,0.506559392696464,223.32848100343804,341.03026097510343,3.86493624488302,0.33151418136773797,286.36863746285184,-9.551068972778321,-1.8046295013427733,-1.0875661041259763,1.1221374045801527,0.9770992366412214,-0.09923664122137399,9.809445881063393,16.196658315052478,9.626718548752098,1.7056634241623443,1.6338946399719223,14.958011128013467,18.46820320053701,1.9798797462980657,9.912245428153092,25.908035253899982
-9.526285244655607,-1.949067198371887,-1.0960019240379333,-0.9642175572519084,-1.134780534351145,-0.5567748091603054,9.79058836156467,4.840817571917215,-9.182960467529297,-1.2318167541503906,-0.968454571533203,3.3587786259541983,2.0763358778625958,1.297709923664122,10.434784743847857,26.07331444676203,-10.075997686767575,-2.155978594970703,-2.416946575927734,-15.053435114503817,-18.213740458015263,-3.3740458015267176,9.376131675164409,0.0264435237796775,0.01854766586034766,0.041278623447169135,0.06822143580598235,22.969744032617562,31.636021026509965,2.1819821743342462,0.02262098331522533,48.26486382640871,-9.52533130493164,-2.041056915283203,-1.0127473022460938,0.5038167938931297,1.2290076335877864,0.09160305343511445,9.796806666608338,2.23447775938275,9.527258694315146,1.9596279155024319,1.126695013435683,4.888707347584881,5.73792191369421,1.5786007609429753,9.79174353467863,8.467489509352298
-9.572167874908446,-1.9636381600379944,-1.3179144904136657,3.356870229007633,3.4052958015267176,2.1715171755725193,9.89323376778081,11.712001954042796,-8.670601312255858,-0.5614402893066406,-0.7900865478515624,34.50381679389313,35.86259541984733,9.725190839694656,11.352626559872071,59.76236374207119,-10.918756671142578,-2.829946362304687,-3.057395520019531,-32.99236641221374,-39.6793893129771,-0.2900763358778626,9.160585844543286,0.052887047559355,0.20060777662619583,0.23770687885082983,0.4245844092927821,154.83918113746284,180.1882133157122,6.508644180026659,0.20599593384032977,361.15228684407964,-9.525929855346678,-2.079962692260742,-1.0181342559814452,0.46564885496183206,1.3587786259541985,1.1297709923664123,9.801178397518015,1.2164020938651658,9.58264084697196,2.023260166762601,1.4701982904816255,12.888279903534864,13.848619166242088,3.3502434275486777,9.903639246145772,22.32315561509129
-9.476212761497496,-1.739817714214325,-1.6371476133346556,-0.6374045801526717,0.35233778625954254,2.32037213740458,9.841176143703144,31.337228399154082,-8.099584216308592,-0.5614402893066406,-0.0442927307128906,34.50381679389313,40.61068702290076,9.725190839694656,11.352626559872071,64.94529440288798,-10.918756671142578,-2.829946362304687,-3.210624426269531,-37.49618320610687,-39.6793893129771,-1.4809160305343512,8.556961474587672,0.3437658091358077,0.5262645595327337,0.4637584568856167,0.9092772267450285,491.14953236990857,612.6078266468118,7.197646496325244,0.5563786394808252,492.645567165375,-9.51994435119629,-1.9279308868408203,-1.3257891693115234,0.43511450381679384,1.3206106870229006,1.4961832061068705,9.79701224296518,35.077334293742226,9.50393985990551,1.8683479696190362,1.8946053770092566,22.17105809312465,24.75342337056509,3.5470795525853016,9.869403554970924,38.401399074853046
-9.438354447746274,-1.5906103185653686,-1.545513285732269,-2.6915553435114496,-0.7297232824427479,-0.5968511450381679,9.754502221605932,29.71053850664486,-8.099584216308592,-0.6619967590332031,-0.0442927307128906,31.37404580152672,40.61068702290076,3.7709923664122136,11.092212330283894,64.94529440288798,-10.602722052001951,-2.759317413330078,-3.210624426269531,-37.49618320610687,-39.54198473282442,-6.015267175572519,8.556961474587672,1.0841844749667782,0.45751111181364024,0.36988783863865327,0.7920833823077421,413.76527941034544,566.5954430080378,8.622018812642036,0.4703559246384637,380.31315037776426,-9.451709603881834,-1.6017209106445311,-1.465251416015625,-3.7404580152671754,-2.2900763358778624,0.08396946564885499,9.713284647607782,25.46511339982945,9.462560213446759,1.7029177972425082,1.7834502232141767,20.51852210997494,23.814448116153706,2.996372824261929,9.778582183320522,35.53912279070196
-9.516745847415923,-1.8608558309555052,-1.299808340358734,1.2261450381679388,2.7480916030534353,-1.3606870229007635,9.808006618231119,9.991520188127527,-8.14627114868164,-0.7386112121582031,-0.0658405456542968,29.251908396946565,36.16793893129771,2.4885496183206106,10.58945989033078,50.66579156186212,-10.302249743652345,-2.7162217834472653,-2.376245147705078,-14.0,-17.328244274809162,-6.015267175572519,8.587428566350255,0.2379917140170976,0.1404138854011453,0.2412225506724878,0.22428900966394807,93.85074350999359,140.7774969407377,6.564707039216829,0.1296692920476194,186.2320498240924,-9.473855969238283,-2.1134815155029294,-1.1947066284179688,0.37404580152671757,1.618320610687023,-0.4122137404580153,9.802886746662665,2.2609212831624275,9.524120190847519,1.9245796876912091,1.3833982547806234,9.764946244840134,12.179060078655926,2.9010646689633393,9.814614771620588,16.91338302924203
-9.381174178409577,-2.2221371205329894,-1.2528221327781677,4.664837786259541,5.717795801526718,2.0715648854961835,9.73123489644709,8.143365783963503,-8.540117321777343,-1.2665326782226562,-0.9756371765136718,38.0763358778626,40.74809160305343,15.17557251908397,10.141405630632814,65.95014830651573,-9.58877764892578,-2.740163800048828,-3.1016882507324217,-0.7022900763358778,0.931297709923664,-3.282442748091603,9.065090674989396,0.2379917140170976,0.06308179495794825,0.043908719804196604,0.11370206670178275,99.22878860270016,100.67864629237442,20.97224721024416,0.03764561612239989,296.6540942330174,-9.469666116333006,-2.1912930694580077,-1.1851298217773438,0.8091603053435115,1.5954198473282442,1.198473282442748,9.799995583035031,1.4015067603229083,9.384535724297528,2.231995094585748,1.2974071693499383,10.999522724864702,11.548672439736569,5.026293692679028,9.733168971406588,19.051732218474122
-9.427225150966644,-1.750629031085968,-1.6704232754707335,3.800811068702289,5.517414122137405,3.3659351145038165,9.805376091480422,27.537211396002615,-8.148665350341796,-0.2047042419433593,0.1005564697265625,38.0763358778626,40.74809160305343,15.17557251908397,11.524654886659624,65.95014830651573,-10.90439146118164,-2.740163800048828,-3.724180682373047,-33.12977099236641,-33.45038167938932,-2.717557251908397,8.567225782478639,0.6875316182716154,0.33997416376324513,0.5456121572037147,0.9203485217386331,411.4908253429834,491.1158485605989,22.376085082090206,0.3881245180631441,519.5129589007233,-9.481038574218749,-2.1266496246337887,-1.2222399475097658,1.282442748091603,1.5267175572519085,1.6335877862595423,9.793433117329009,26.80051135070316,9.445239446979695,1.9000826723289461,1.9263079818588218,20.638240964843714,22.837637950448382,5.8056527864780225,9.825147572094732,35.74648192995864
-9.606752866077422,-1.2282441563606261,-1.924339584350586,-1.7051526717557255,0.20944656488549662,0.8983778625954199,9.954427512643285,35.58802484673725,-7.960720520019531,-0.2047042419433593,0.1005564697265625,32.79389312977099,41.58778625954199,12.183206106870228,11.524654886659624,57.80554298237505,-10.90439146118164,-2.6431986328125,-3.724180682373047,-33.37404580152672,-36.79389312977099,-3.1603053435114505,8.369885967679279,0.6082010469325828,0.5805186618820405,0.45513064821760646,1.2290949030622125,529.0539367970981,704.0017297123566,10.142271857336402,0.6754842821116807,329.3769348012936,-9.662997900390623,-1.0702081420898437,-2.1900959686279293,-3.4198473282442747,-5.190839694656488,0.6793893129770993,9.996603647679212,40.15449085944031,9.63691959558493,1.4013259277739896,2.2208506791229343,23.0642902000277,26.533857570581382,3.3089809067653926,9.988298723335282,39.948522466960924
-9.574300210762022,-1.5013701926231382,-1.4807763174057007,-3.0064408396946565,-3.009780534351145,-1.5689408396946565,9.855511133892325,20.262763276236953,-7.960720520019531,-0.3567360473632812,0.0778115539550781,32.18320610687023,41.58778625954199,2.6412213740458017,11.109058616156988,57.80554298237505,-10.643423480224609,-2.584540692138672,-3.1735143005371094,-33.37404580152672,-36.79389312977099,-5.282442748091603,8.369885967679279,0.5024269518138728,0.3230821847148873,0.3317177390622793,0.7201784905785593,244.30995647607585,342.40251782521057,4.3792446695086245,0.35791418736471103,349.46635340716233,-9.530718258666992,-1.5843629486083983,-1.1683704101562498,-0.2595419847328244,-1.6106870229007633,-1.5190839694656488,9.786413897759834,16.355319457730545,9.591157735670528,1.608051676520229,1.7067152641164687,15.916929446305268,18.747301050822475,2.6154961341914458,9.87365251047657,27.568930501489884
-9.521758707141876,-1.9398831904411313,-1.0399252320289611,-1.5548664122137406,-1.5133587786259541,-0.9825858778625953,9.779838954344893,5.189541541761713,-9.354145886230468,-1.2174515441894531,-0.8068459594726562,2.137404580152672,2.4885496183206106,1.8778625954198476,10.012364133002489,23.799171401709764,-9.74200655517578,-2.1452046875,-2.04943662109375,-13.740458015267176,-16.671755725190838,-5.282442748091603,9.566601080749354,0.4230963804748403,0.005725371858829148,0.06596604119356726,0.07328886994668932,24.48020379603462,37.77701984150109,5.134209597251763,0.008210467875954133,53.7620986539246,-9.521740002441408,-2.083553994750976,-0.9720458740234375,0.5877862595419847,1.5267175572519085,-0.34351145038167935,9.790685768880522,1.9700425215859751,9.522059349158193,1.9568119055621136,1.074585202837438,5.186310187008202,6.32987161278531,2.4697539562933732,9.780258710320384,8.98295274771025
-9.536460601711273,-1.947776574039459,-1.4392705870628357,3.2406965648854955,3.8196564885496187,2.66793893129771,9.89697041574304,17.69691510949012,-8.218097198486328,-0.469263525390625,-0.5829881042480468,52.732824427480914,50.67175572519084,12.3206106870229,11.503189852442834,91.33593113500612,-10.909179864501953,-3.372233038330078,-3.6176387084960937,-37.3587786259542,-34.93129770992366,-0.2290076335877862,8.94308915409053,0.4230963804748403,0.2511727440303175,0.3688684846306893,0.7799160343217219,346.4494073931261,306.2190932565119,9.365800361284307,0.2593480660422156,757.6737604638606,-9.527725506591796,-2.087145297241211,-0.9929951385498046,0.732824427480916,1.534351145038168,1.465648854961832,9.803315126384296,1.8246031407977483,9.549620597281425,2.0402700965822103,1.688613590228955,18.893160710129653,17.911138125396473,4.060012130821566,9.910064150959627,32.72391426550865
-9.41020387353897,-1.7019968098640441,-1.7654431538581847,0.46851145038167913,2.0450858778625958,2.6471851145038165,9.80363414021318,33.90968744684584,-8.081627703857421,-0.469263525390625,-0.3447650390625,52.732824427480914,50.67175572519084,12.3206106870229,11.503189852442834,91.33593113500612,-10.909179864501953,-3.372233038330078,-3.6176387084960937,-37.3587786259542,-34.93129770992366,-1.5572519083969465,8.453480993905666,0.2115481902374201,0.5950013406937756,0.5574710578852596,1.030515037942616,593.1593502345435,610.2262282915294,9.944733823695442,0.6372646932282146,630.2696568982722,-9.53071825866699,-1.7800889343261719,-1.447893453979492,0.5954198473282443,1.5267175572519083,1.549618320610687,9.791761650114335,35.381434817208515,9.44176563372877,1.8585650913198177,2.0364932033884497,24.35936890015179,24.78726698406588,4.117319862986847,9.836081895164437,42.1916645753761
-9.469610002231597,-1.5113772073745726,-1.6482956148147583,-1.8828721374045805,-0.7044370229007628,-0.7061068702290076,9.774593277718292,24.394563866811566,-8.081627703857421,-0.5446808776855468,-0.3447650390625,29.31297709923664,37.48091603053435,2.8091603053435112,11.119492586389669,60.79366116947861,-10.667365496826172,-2.5546131713867184,-3.0909143432617188,-35.099236641221374,-33.16030534351145,-4.290076335877862,8.453480993905666,0.2115481902374201,0.4135063755336247,0.2923101255964877,0.5978681205780789,300.3422954277686,403.71454800993166,4.666402016199522,0.4356639680462136,316.56776248880095,-9.519345800781249,-1.447893453979492,-1.6130933685302735,-3.312977099236641,-3.435114503816794,-0.5267175572519084,9.76708923506559,18.10059202718926,9.491418227530506,1.6051701431835348,1.820644543670082,17.432369400445342,20.104993895277982,2.272661199647701,9.7968534598034,30.19374949788034
-9.609221886539459,-1.6744821954727171,-1.3493945013046265,0.7197041984732824,1.0252862595419852,-1.0133587786259541,9.866721265543237,7.9491711562064955,-9.17458076171875,-0.6464344482421874,-0.9301473449707032,25.96946564885496,32.0763358778626,0.916030534351145,10.726234531328084,44.980433949231454,-10.417171423339845,-1.9979612854003903,-2.501940734863281,-10.36641221374046,-16.946564885496183,-4.290076335877862,9.396386960761015,0.0264435237796775,0.053029819685457565,0.14788325370350758,0.25259745537587924,66.76575423334523,109.36181034576948,3.189371977157508,0.06322340469693585,138.66186302927056,-9.557653027343749,-1.8914193115234372,-1.0408791717529295,0.25190839694656486,1.450381679389313,-0.2213740458015267,9.802019083462461,1.7452725694587161,9.611980809616425,1.7180727215862075,1.439952421271981,8.202665930454884,10.507760097174616,2.053355300812744,9.86992461656218,14.207434149062099
-9.48126303062439,-1.8913444927215575,-1.2127940737724305,4.663406488549618,6.276001908396946,2.854246183206107,9.765137110892933,8.39127381939798,-8.474276776123046,-0.0706289489746093,-0.9038111267089844,41.02290076335878,45.725190839694655,13.282442748091604,11.457422339128083,71.05374839599348,-10.848127722167968,-2.499546533203125,-3.6858734558105466,-0.8549618320610687,1.1297709923664123,-1.267175572519084,8.918377884773694,0.0,0.12261201031556834,0.12545133098101485,0.2913587211285569,121.12771640411032,136.73628652677218,16.290749589822127,0.12392137929723862,358.2117531325571,-9.547477670288085,-1.933916390991211,-1.0594342346191403,0.2824427480916031,1.6106870229007635,0.8931297709923665,9.798721627564873,0.766862189610648,9.48772684399168,1.9242233033432425,1.3274894299037125,11.953036287134621,13.271190092865611,4.943427036395779,9.77148014242651,20.703266154031617
-9.55086322107315,-1.3652373826026916,-1.833640491771698,2.466364503816794,5.188931297709924,3.15219465648855,9.900202925022525,25.28042191343076,-8.474276776123046,0.2166752502441406,-0.3459621398925781,41.02290076335878,45.725190839694655,13.282442748091604,11.701433438198269,71.05374839599348,-11.043255157470702,-2.499546533203125,-3.863044378662109,-35.86259541984733,-37.083969465648856,-1.9083969465648856,8.777275452775745,0.0,0.4437608515551824,0.5996416194568559,1.1074129477025272,390.9613945114467,484.4886042480042,16.562670945384884,0.5818962936583968,552.0333130103323,-9.539696514892578,-1.8465280303955076,-1.1246762298583983,0.0610687022900763,1.6564885496183208,1.6412213740458017,9.79892521700523,22.93975687887025,9.574066488133607,1.5695587693083377,2.11415477218847,19.92597170471579,22.614455824988532,5.147718144749171,9.929547535023081,34.512795382747576
-9.580192191410063,-0.973598364162445,-2.257395480918884,-2.8714217557251906,-1.6314408396946565,0.22352099236641226,9.952590148192993,33.96133495422802,-8.14627114868164,0.2166752502441406,-0.3459621398925781,36.21374045801527,40.458015267175576,6.427480916030534,11.701433438198269,62.72403840539506,-11.043255157470702,-2.3546973327636715,-3.863044378662109,-35.86259541984733,-37.083969465648856,-5.954198473282442,8.508528954140003,0.0793305713390325,0.5146902407585069,0.4131456386832045,0.9804680244931052,477.0595995621431,605.5787313325818,5.448577932430365,0.6780638023537708,302.541715510915,-9.704896429443359,-0.8403647827148437,-2.479195819091797,-6.595419847328245,-7.198473282442748,0.4351145038167939,10.059762562625696,35.606204769335775,9.60701684526018,1.1666359386642404,2.4650156960486287,22.02963146449334,24.66252887572573,2.344896493762322,9.986596740645032,38.15644096852044
-9.478401211452484,-1.4131588252067566,-1.70454064912796,-2.4367843511450378,-2.878101145038168,-1.864503816793893,9.779228388467422,19.92808742840041,-8.14627114868164,-0.3423708374023437,-0.604535919189453,36.21374045801527,39.66412213740458,3.1908396946564888,10.799154673019665,62.72403840539506,-10.301052642822263,-2.3546973327636715,-3.239354846191406,-28.229007633587788,-31.64885496183206,-6.290076335877862,8.508528954140003,0.0793305713390325,0.20002549599211428,0.3024490925559791,0.6300053683701398,244.10364793126493,287.1357656327392,7.411918740166658,0.2417382981643353,352.99602916178037,-9.527725506591796,-1.6424223388671875,-1.2401964599609374,-0.8702290076335877,-0.19083969465648848,-1.6946564885496183,9.781027427632718,15.509126696780864,9.488946992225006,1.5163993398230293,1.8802830087249385,15.812702675546968,17.187764014955793,3.2997413872916845,9.791580371521825,27.38840443902767
-9.491064293670654,-1.8863129282951352,-1.1016694482803344,-1.07418893129771,-0.667223282442748,-1.1216603053435115,9.743462259787217,4.1156865682713715,-8.749609967041016,-1.2234370483398436,-0.7134720947265625,11.419847328244275,10.229007633587786,2.351145038167939,9.87664178525357,27.2897165406272,-9.648632690429688,-2.7066449768066403,-1.8064251525878905,-15.755725190839694,-19.06870229007633,-6.290076335877862,9.194794402789098,0.0264435237796775,0.019715437147406215,0.05213093602477824,0.025292823111696602,20.459234362708322,26.138531260470685,7.052589947774022,0.014235851703765491,47.900472740243146,-9.533711010742188,-1.9363105926513673,-1.0678139404296874,0.37404580152671757,1.221374045801527,0.05343511450381675,9.787925303085949,0.9387450941785519,9.492102868371024,1.900080892877497,1.1130895724900098,4.648990882205603,5.155940085872252,2.8828305167590624,9.74419276592995,8.052288411904563
-9.44183352203369,-1.7834744851112365,-1.3951087892532348,2.885496183206107,4.556774809160306,2.239980916030534,9.756223789585475,21.182088907639802,-8.155847955322265,-0.4357447021484374,0.0239420166015624,34.83969465648855,40.62595419847328,13.358778625954198,11.209539736343627,60.34412126522408,-10.743979949951171,-2.7066449768066403,-3.1651345947265623,-34.54961832061068,-37.96946564885496,-2.5801526717557253,8.564239135882351,0.0264435237796775,0.2998072644982864,0.320901253794202,0.6001515072549943,313.48669220907874,395.122464955058,15.417359629028027,0.31228742376745994,516.7574508059698,-9.535506661987306,-1.9620482604980465,-1.0678139404296874,0.5190839694656488,1.4732824427480917,0.9847328244274809,9.796601954932417,7.999165943352448,9.45769673452778,1.8712783044851966,1.5957694197805086,17.939141017127206,20.39329942938258,4.520494899146444,9.772215207220983,31.071503685807148
-9.456647644805908,-1.4845546669006344,-2.0816087059020996,4.351383587786259,6.572280534351146,1.973043893129771,9.868375957869283,40.00202741764811,-7.663839514160156,-0.4357447021484374,0.0239420166015624,35.29770992366412,43.23664122137404,13.358778625954198,11.300396788324784,61.137426978614414,-10.743979949951171,-2.6874913635253903,-3.560177868652344,-34.54961832061068,-37.96946564885496,-4.809160305343512,8.133463624264056,4.601173137663888,0.61481975349802,0.43272163645831485,1.0742230194338493,604.5059982823517,781.464213858367,18.415831989594864,0.7021024050546724,270.1594147089512,-9.560047229003906,-1.3545195892333983,-2.287061135864258,12.099236641221374,14.893129770992365,0.7175572519083969,9.91141182387478,43.40704428434064,9.489099242368116,1.6237685165918105,2.325364019658269,24.96879126850972,28.716878055954794,4.723212274904818,9.903885421939572,43.24721508064099
-9.51235024280548,-1.5160159730911253,-2.032864256477356,-2.72280534351145,-2.5119274809160306,-0.751908396946565,9.908262316153463,28.38794913760193,-7.663839514160156,-0.5410895751953124,-0.4429273071289062,35.29770992366412,43.23664122137404,3.099236641221374,11.300396788324784,61.137426978614414,-10.71405242919922,-2.6874913635253903,-3.560177868652344,-32.732824427480914,-36.65648854961832,-4.885496183206107,8.133463624264056,0.3173222853561301,0.35245750111121577,0.23892150836684853,1.1108356979614071,377.45224796595477,527.2618944754822,6.987559000058273,0.44420123946483536,348.7220944747538,-9.618106619262697,-1.4407108489990232,-2.212840884399414,-4.381679389312977,-4.938931297709924,-0.3893129770992366,9.892936937203135,28.73088858661962,9.530858546999463,1.5928672069680763,2.2898412135396287,19.61799981916121,23.099170421139878,2.748258582713247,9.930652715968453,33.97937242966426
-9.535637594890595,-1.7909937747001647,-1.2618190937042235,-4.378339694656488,-4.471135496183206,-0.7905534351145037,9.818849638812548,9.232921599698027,-9.111134417724609,-1.0690110412597655,-0.6811503723144531,3.908396946564885,3.740458015267176,3.099236641221374,10.50761798254698,37.470473195803045,-9.910797772216796,-1.9967641845703124,-3.323151904296875,-21.633587786259543,-27.480916030534356,-4.885496183206107,9.342468012706242,0.0264435237796775,0.02486475073575671,0.0831050608470607,0.627007147396044,61.82036644681253,103.78776635385104,4.682517545233379,0.053399196711710735,157.7238335196813,-9.566631283569336,-1.9488801513671876,-0.8774749084472656,0.25190839694656486,1.5877862595419847,0.1145038167938931,9.808712633231538,2.221255997492911,9.53694128595886,1.8140462402766377,1.4896961343282702,8.999456924093653,11.125592972020884,2.3037995309932504,9.821568480966826,15.587516633057739
-9.581707272148131,-1.7572130856513977,-1.4124667512893676,3.4279580152671754,4.990696564885496,2.618320610687023,9.90384143597391,14.571207962720425,-8.583212951660157,-0.1843535278320312,-0.6763619689941406,36.36641221374046,44.62595419847328,11.511450381679388,11.478445551972948,62.988473643191845,-10.838550915527344,-2.527079852294922,-3.774458917236328,-35.31297709923664,-36.50381679389313,-1.3740458015267176,8.9858994139121,0.0264435237796775,0.1926911234162722,0.31959147092134144,0.9354477274503422,214.18352637339024,257.84790453053074,12.816772041256336,0.25362953389304616,465.4831660906269,-9.568426934814452,-1.962646810913086,-0.9205705383300782,0.549618320610687,1.717557251908397,1.0381679389312977,9.808712633231538,1.4015067603229083,9.591757157713735,1.845911509066956,1.711873257851843,15.03111514585078,16.815319108874817,4.435355099831895,9.916637773096626,26.034655127031623
-9.530213231754303,-1.3429039702415464,-1.8561422464370727,-0.29007633587786213,1.159351145038168,3.043893129770993,9.88071443869815,33.556005316292655,-8.231265307617187,-0.1316810913085937,-0.2334346618652343,36.36641221374046,44.62595419847328,11.511450381679388,11.478445551972948,64.17843221327733,-10.838550915527344,-2.527079852294922,-3.774458917236328,-37.05343511450382,-39.2824427480916,-2.0610687022900764,8.576909328563623,0.6346445707122603,0.4666969239265053,0.5594309978102787,1.102763672139894,532.1693957228599,681.9957816779325,13.957669279179536,0.5739931297823703,470.7551272234281,-9.565434182739256,-1.302445703125,-1.735197653198242,0.5877862595419847,1.4580152671755724,1.6793893129770994,9.80681655079163,37.4572514339132,9.554666983554753,1.5371473810603806,2.132610539022153,23.07062071127468,26.140770393303903,4.819020093820588,9.909718005517636,39.95948723407858
-9.497704462337493,-1.1758522903442383,-1.7229834837913511,-2.3165553435114505,-1.4439408396946567,-0.6910782442748091,9.784790253276437,31.278143650708866,-8.231265307617187,-0.1316810913085937,0.0418985290527343,29.572519083969464,35.725190839694655,5.954198473282442,11.118604972864238,64.17843221327733,-10.678139404296877,-2.398990063476562,-3.095702746582031,-37.05343511450382,-39.2824427480916,-7.679389312977099,8.576909328563623,2.4063606639506543,0.41482717218248877,0.4183893187801684,0.8337111340574346,426.67877194064664,582.2660378524524,14.979708657621204,0.4824980724376633,317.81333156621474,-9.522338552856443,-1.1911153259277343,-1.7902642913818356,-6.404580152671755,-7.900763358778626,-0.4274809160305343,9.761513708639566,29.762186014027044,9.51951769923708,1.3420200920582221,1.9499700560457887,20.785697019830682,24.173353160060163,3.9315770114969335,9.809414782394066,36.00188330907974
-9.51908393497467,-1.6310685856819152,-1.2850690363883972,1.223759541984733,1.5350667938931295,-2.204198473282443,9.787689374247133,12.778006506411044,-8.354566693115235,-0.2418143676757812,0.0418985290527343,29.572519083969464,35.725190839694655,4.427480916030534,10.76556270745434,51.22110556123535,-10.375272894287107,-2.2493524597167966,-2.8622680847167965,-20.44274809160305,-16.18320610687023,-7.679389312977099,8.652174674871123,0.4230963804748403,0.14510013548333295,0.35468337649482756,0.5430792126370909,124.96880440205987,181.68067806135645,9.581605821339082,0.16874555844049732,216.12172517809276,-9.528324057006834,-1.9117700256347656,-0.891241567993164,0.3969465648854962,0.9083969465648855,-1.534351145038168,9.78828169193006,5.050713041918406,9.52670242510892,1.7363951473363517,1.4813782909578816,11.245727714054729,13.566027720857338,3.8000127277365445,9.79630587748212,19.478171768828197
-9.516932894420624,-2.099939312362671,-0.8856675672531127,0.22256679389312975,0.7404580152671756,-0.2702767175572519,9.786506645809641,1.2647441607748888,-9.369708197021485,-1.8160019592285157,-0.833182177734375,1.7099236641221374,1.5572519083969465,2.717557251908397,9.85320756435232,6.822429135156799,-9.599551556396484,-2.223016241455078,-0.9983820922851562,-3.938931297709924,-6.778625954198473,-5.1603053435114505,9.59614826977205,0.0,0.0016443130240582355,0.009519479494951102,0.0008019358420483097,1.051365047837393,2.4411164850533185,3.668570302484558,0.0024172720803460257,1.7031252845296019,-9.521740002441407,-2.1338322296142573,-0.8810662109374999,0.3816793893129771,1.2748091603053435,0.3740458015267175,9.796915909463166,0.7668621896106479,9.517019282839001,2.102204698667843,0.8861201811978414,1.049238307335974,1.728986569475519,1.9343267062567484,9.786630145282727,1.8173340575534755
-9.472471821403504,-1.7858873914718627,-1.3013421257972717,-0.93368320610687,0.7602576335877863,3.322757633587786,9.804483336686225,19.122799493297418,-7.660248211669922,0.4261678955078125,-0.0957680664062499,43.12977099236641,48.396946564885496,17.755725190839694,11.8012476703116,74.70295467758898,-11.189301458740234,-2.8622680847167965,-3.726574884033203,-40.19847328244275,-39.96946564885496,-4.793893129770993,8.057739842058686,0.0,0.48314627862988496,0.6737224113861029,0.8832778226708375,344.5081304902832,397.2742423204322,29.522765042738627,0.5228605240051195,670.4582239980916,-9.522937103271484,-2.1284452758789056,-0.8966285217285156,0.1679389312977099,1.2900763358778624,1.4580152671755726,9.805100881070807,2.141925426153879,9.497940233856669,1.9654811590051626,1.6052318060160033,18.584399232142243,19.946233579045966,6.368946799456292,9.831111535496023,32.189123698214395
-9.437849420833587,-1.2952630981445312,-1.7177461676597596,1.758587786259542,4.224952290076336,3.503101145038168,9.789326547294849,40.4916457876312,-7.660248211669922,0.4261678955078125,-0.0754173522949218,43.12977099236641,48.396946564885496,17.755725190839694,11.8012476703116,74.70295467758898,-11.189301458740234,-2.8622680847167965,-3.726574884033203,-40.19847328244275,-39.96946564885496,-4.793893129770993,8.057739842058686,0.2644352377967752,0.7709766491493447,0.8757824628367319,1.3793028258600277,722.8585810485986,839.8608708859296,30.271195805077646,0.8965077685280541,538.2802575607482,-9.535506661987304,-1.342548580932617,-1.4580688110351563,-1.618320610687023,0.8549618320610688,2.0381679389312977,9.790874628681607,42.41541214260273,9.478606350064243,1.5979640034280187,2.0808543251198097,26.943481810088684,29.286705050916034,6.522492885196991,9.835010016166722,46.66747942788146
-9.564873041725157,-1.1774047804832457,-1.864690294551849,1.6875,1.9475190839694658,-0.865219465648855,9.888640359595842,32.157803996442205,-8.097190014648437,0.3136404174804687,-0.0754173522949218,40.534351145038165,45.11450381679389,4.534351145038168,11.473794617843602,70.2075556350438,-10.90319436035156,-2.4396914916992185,-3.621230010986328,-35.9236641221374,-36.51908396946565,-5.862595419847328,8.459138674972019,0.2644352377967752,0.37264312433314134,0.47417375801559325,1.0972902743441235,505.4098899302925,615.7545151433483,10.331486034376638,0.5090472112864398,490.6482806672834,-9.52533130493164,-1.3078326568603516,-1.686715069580078,-1.8473282442748094,-2.7557251908396942,-0.08396946564885491,9.744239017744793,31.40168448836705,9.58433301949874,1.363985254729828,2.1387753900164426,22.544567997198182,24.89070801977665,3.3286770282072022,9.914345937716426,39.04833720583858
-9.615282209491728,-1.5690437989234922,-1.4475380646705625,-0.7282919847328243,-1.678435114503817,-1.8611641221374047,9.898341316038323,11.207509101933635,-9.227253198242186,-0.1496376037597656,-0.843956085205078,38.58015267175573,38.01526717557252,0.7480916030534351,11.10017333190533,66.82278459124508,-10.55364091796875,-2.000355487060547,-3.436876483154297,-19.80152671755725,-25.541984732824428,-5.862595419847328,9.472126111031454,0.0793305713390325,0.07379138642187313,0.30116797628891917,0.7247558421254479,127.58078404294258,156.6900302648447,5.264704262207913,0.13347125582354138,258.7253195039807,-9.557054476928709,-1.848922232055664,-0.9947907897949217,0.17557251908396945,0.6412213740458015,-0.9236641221374047,9.792292253090517,2.591465330408397,9.619118637099245,1.662247400127064,1.6793219735344518,11.318621526403675,12.629614986152355,2.9544265351738583,9.90508112357566,19.604427555373963
-9.461735323333741,-1.9791630614280697,-0.9501426697731018,3.431297709923664,4.52337786259542,2.2979484732824424,9.719726943120715,6.050608784837462,-8.534131817626953,-1.1839327209472656,-0.6500257507324219,37.038167938931295,44.13740458015267,16.671755725190838,9.875430748933631,64.15198868949764,-9.597157354736328,-2.499546533203125,-2.482787121582031,-0.4427480916030534,-0.8702290076335878,-3.053435114503817,8.939471780987633,0.052887047559355,0.07135549778241859,0.03347201248390924,0.07417642075373777,77.0404769535575,102.12404193192414,20.71953114756934,0.05020492765959531,229.83297611590228,-9.558251577758789,-1.9734207183837889,-0.9062053283691406,0.32061068702290074,1.267175572519084,0.7099236641221374,9.795774518258769,0.6214228088224216,9.465505312797825,1.9876011763442987,0.988406552830006,9.424132900574188,11.071810566467548,5.099029155969835,9.722309230655359,16.32307700107595
-9.510779047966002,-1.4602946703910828,-1.4354174187660216,3.0615458015267176,5.60162213740458,3.432251908396947,9.802357984828909,25.98406755400562,-8.506598498535157,0.2741360900878906,-0.0179565124511718,37.038167938931295,44.13740458015267,16.671755725190838,11.56392722360532,64.15198868949764,-11.00734213256836,-2.499546533203125,-3.542221356201172,-34.35114503816794,-33.37404580152672,-1.5877862595419847,8.7716751162248,0.052887047559355,0.34981943446095,0.5907025617588864,0.9216421044245797,411.79603438574384,489.34564360140723,22.369150071382784,0.4237438276039772,588.3355245906416,-9.555857376098633,-1.8650830932617186,-0.928950244140625,0.06870229007633585,1.3435114503816794,1.8625954198473282,9.798199354471826,22.371221117607178,9.529151983974758,1.650200922958016,1.7268657361015327,20.5224047587165,22.81937365861886,5.843757629648689,9.82394858956128,35.545847735590286
-9.67912135219574,-0.8272901970863342,-1.9853917266845702,-0.29317748091603113,1.859732824427481,1.3373091603053435,9.993514471816805,38.6558867852389,-8.348581188964843,0.2741360900878906,-0.0179565124511718,36.13740458015267,42.48854961832061,14.473282442748092,11.56392722360532,62.59182078649668,-11.067197174072264,-2.1595698974609374,-3.542221356201172,-34.35114503816794,-36.22900763358778,-3.877862595419847,8.555306189928164,1.1899585700854882,0.5883713067903893,0.4709471722738158,1.2807275745311135,605.2479472327333,749.5903201663656,8.260370307310179,0.7812940842975687,321.7241176509418,-9.69292542114258,-0.7422025146484375,-2.2427684051513674,-1.748091603053435,-0.870229007633588,1.0076335877862597,10.004365966749408,42.812064999297895,9.709467619664936,1.074874989228497,2.2852807011215606,24.603534304405322,27.44173694110157,3.1699788796688795,10.032528374378488,42.61457146099382
-9.604246436214446,-1.1270143174171445,-1.6123451805114746,-2.5737118320610692,-2.84375,-1.7616889312977098,9.863772833898249,23.032722392158178,-8.348581188964843,0.1843535278320312,-0.1711854187011718,35.63358778625954,41.70992366412214,3.267175572519084,11.516761403813767,61.71918450176732,-11.067197174072264,-1.8614917907714843,-3.489548919677734,-32.74809160305343,-36.22900763358778,-6.488549618320611,8.555306189928164,0.1322176188983875,0.3357565564974464,0.38324599377703095,0.9207114812866055,305.89438847304575,407.5690318322614,8.907665762393654,0.4570673731317019,407.048842408386,-9.559448678588868,-1.3305775726318356,-1.2216413970947264,-1.7633587786259541,-2.1908396946564888,-1.8625954198473285,9.764329659835544,17.862600313172162,9.621710147579552,1.2858488501531833,1.8762644969207258,17.67818941711896,20.387641989567143,3.465719788593781,9.88691468011537,30.61952225627648
-9.528585922813416,-1.7565023070335386,-1.0384475606918335,-2.044131679389313,-2.2743320610687023,-2.0415076335877864,9.753633823650222,5.394065670995156,-9.275137231445312,-0.920570538330078,-0.7984662536621093,2.0,2.7022900763358777,1.786259541984733,9.86807602049755,38.42244005187143,-9.606734161376952,-2.110488763427734,-2.2744915771484373,-22.18320610687023,-25.84732824427481,-6.488549618320611,9.460946498817703,0.0,0.005907189078398512,0.09246277078377549,0.08520801087493117,36.02318569130223,57.89511806385117,7.488188834785268,0.007828584242377616,91.50903557894719,-9.55645592651367,-1.818396160888672,-0.9726444244384767,0.3893129770992366,1.2290076335877862,-1.900763358778626,9.788257233194795,1.4015067603229083,9.528895889740657,1.7826281511851874,1.0786942788305454,6.340477901072221,7.941517763491824,3.414080000934728,9.754035131682478,10.98202986892476
-9.528080895900725,-1.6769699206352233,-1.2721066789627073,-1.3299141221374045,0.622375954198473,3.04699427480916,9.80725898576733,16.10699824223701,-8.42160433959961,-0.0526724365234375,0.0323217224121093,29.0381679389313,34.50381679389313,16.625954198473284,11.186272884539129,62.27449850114056,-10.717643731689453,-2.486378424072265,-3.2034418212890623,-35.954198473282446,-33.7557251908397,-2.045801526717557,8.64072810700538,0.0,0.2016855281375846,0.43099025932503143,0.5716660703726104,233.1488849512521,260.65842420450076,24.391329210764958,0.23682212012639398,445.3172771951118,-9.55645592651367,-1.945887399291992,-0.9852139831542968,0.3893129770992366,1.6564885496183208,1.618320610687023,9.803424040188293,1.4543938078822634,9.53865876771813,1.8008937708927584,1.4798383266540096,15.327020471165053,16.15691109194035,5.80305982404841,9.819325380800885,26.547178184706144
-9.4750904794693,-1.119738188934326,-1.6077064147949218,-0.1820133587786255,2.6366889312977104,3.6932251908396947,9.7567568847375,34.524086194664285,-8.397662322998046,0.2418143676757812,0.0323217224121093,36.96183206106871,43.19083969465649,16.625954198473284,11.249297840568394,64.01977107059928,-10.735600244140624,-2.486378424072265,-3.35188232421875,-35.954198473282446,-33.7557251908397,-1.3129770992366412,8.594992721809495,0.0264435237796775,0.4794051998061849,0.6120832989814097,1.0955112741751982,524.0009199980151,619.9108565911623,22.357341637652233,0.6085679871506227,380.189619005758,-9.37748935241699,-1.1534066497802735,-1.333570324707031,0.732824427480916,2.5419847328244276,2.717557251908397,9.6449313190136,38.06545248084578,9.50035498252228,1.3659783712560511,1.9183928665286314,22.89178998813306,25.037231977828345,5.999771157961371,9.787894201258164,39.64974333564301
-9.5894510181427,-0.9027636634826659,-1.78113639755249,1.0453244274809164,2.349236641221374,-1.2473759541984732,9.86103322788466,30.58193525119705,-8.397662322998046,0.2681505859374999,-0.0442927307128906,36.96183206106871,46.82442748091603,4.641221374045801,11.31853776744206,64.01977107059928,-10.760739361572265,-1.964442462158203,-3.5122938354492184,-31.603053435114504,-32.54961832061068,-8.335877862595419,8.594992721809495,0.1851046664577426,0.3898928821164138,0.39935928276813104,1.053156954678331,439.4762977736583,585.3350584173417,15.346284305165057,0.5474327262664695,386.4522390886312,-9.501987838745116,-0.9546879119873046,-1.6460136413574218,-0.8244274809160305,-1.8167938931297711,-0.3435114503816794,9.715867536904444,30.740596393875112,9.609758774884751,1.1019716488516278,2.0556273546935966,20.98973560891958,24.307487965929322,4.111232306289394,9.888751642533645,36.35528851208638
-9.662100074768066,-1.3576806836128235,-1.4125228653907773,0.5081106870229006,0.3067748091603053,-2.185114503816794,9.907745260077428,13.215151008893837,-9.294290844726564,0.2681505859374999,-0.8319850769042968,35.74045801526717,46.82442748091603,1.4198473282442747,11.31853776744206,61.904289168225056,-10.760739361572265,-1.8638859924316404,-3.5122938354492184,-21.923664122137403,-23.862595419847327,-8.335877862595419,9.51817150973088,0.1851046664577426,0.09676090631542217,0.3593641613230462,0.6785341562386118,152.9527378121176,224.75781363811842,10.207749402715459,0.16593862403056034,284.99252665928555,-9.584587796020507,-1.6699556579589843,-0.9445125549316407,1.2290076335877864,1.5038167938931297,-0.7480916030534351,9.788303406290554,4.79949956601147,9.667106017891212,1.4841364492452942,1.6351620719336615,12.377839645204023,14.995063335033093,3.8707201910634113,9.91611591111244,21.439047153433695
-9.572541968917847,-1.8781576788902283,-0.93848964138031,1.31631679389313,1.6302480916030535,-0.4797232824427481,9.801314143258171,2.7088084671807153,-9.381679205322266,-1.66636435546875,-0.7206546997070312,3.0839694656488548,3.2977099236641223,1.3435114503816794,9.891946725418286,5.341591803494858,-9.660603698730467,-2.184709014892578,-1.1923124267578125,-1.3129770992366412,-3.877862595419847,-3.938931297709924,9.607973174068428,0.4759834280341953,0.0028459429256812606,0.013223217489583609,0.01102382834798402,1.455746086693666,1.0155109605355168,1.4236772674050169,0.003132874376586184,2.227664653866325,-9.58279214477539,-1.8567033874511718,-0.9151835845947265,1.3435114503816794,1.6946564885496185,-0.5114503816793893,9.802830228409842,2.327030092611621,9.572690619132075,1.8816746488869731,0.9443445532887489,1.7856192171285439,1.9165645829741595,1.2860061022882674,9.801473961053475,3.0927832070380012
