others,1631706446.7039237,-9.3086560546875,1.656787548828125,-2.858676782226562,0.2595419847328244,0.9923664122137404,0.5343511450381679,9.877654350687889,0.44953990425451773
others,1631706446.7041774,-9.297882147216797,1.6352397338867186,-2.8622680847167965,0.2595419847328244,1.0229007633587786,0.5648854961832062,9.864948048499956,0.44953990425451773
others,1631706446.811749,-9.277531433105468,1.6352397338867186,-2.8622680847167965,0.33587786259541985,0.9923664122137404,0.5038167938931297,9.845769501076605,0.5817575231529053
others,1631706446.8167424,-9.255983618164063,1.6220716247558593,-2.8574796813964842,0.2900763358778626,0.9770992366412213,0.5038167938931297,9.821890817207926,0.5024269518138728
others,1631706446.9178793,-9.253589416503905,1.6172832214355468,-2.855085479736328,0.2748091603053435,0.9465648854961832,0.6564885496183206,9.818148257394123,0.4759834280341953
others,1631706447.0258746,-9.271545928955078,1.6017209106445311,-2.8431144714355465,0.2748091603053435,0.916030534351145,0.8091603053435115,9.829057619426475,0.4759834280341953
others,1631706447.1360466,-9.242815509033203,1.6124948181152343,-2.8419173706054686,0.42748091603053434,0.7633587786259542,0.9007633587786259,9.803380662497112,0.7404186658309704
others,1631706447.1370518,-9.222464794921875,1.6304513305664061,-2.8610709838867185,0.3969465648854962,0.8091603053435115,0.9007633587786259,9.79275015558743,0.6875316182716154
others,1631706447.2425878,-9.236830004882812,1.608903515625,-2.8694506896972656,0.3053435114503817,0.8854961832061069,0.9007633587786259,9.80516936734384,0.5288704755935504
others,1631706447.2435896,-9.275137231445312,1.5777788940429687,-2.85388837890625,0.3969465648854962,0.8854961832061069,0.8702290076335878,9.831695468223504,0.6875316182716154
others,1631706447.3556557,-9.281122735595703,1.581370196533203,-2.8562825805664063,0.5343511450381679,0.8244274809160306,0.8702290076335878,9.838613779985574,0.9255233322887131
others,1631706447.461789,-9.275137231445312,1.599326708984375,-2.855085479736328,0.6564885496183206,0.7480916030534351,0.8854961832061069,9.835523864076333,1.1370715225261332
others,1631706447.4647763,-9.275137231445312,1.608903515625,-2.845508673095703,0.6717557251908397,0.732824427480916,0.916030534351145,9.83431038728168,1.1635150463058106
others,1631706447.5703468,-9.277531433105468,1.5741875915527344,-2.8227637573242186,0.7786259541984732,0.5801526717557252,0.9923664122137404,9.82439063226426,1.3486197127635533
others,1631706447.5723448,-9.260772021484375,1.5550339782714844,-2.817975354003906,1.1755725190839694,0.42748091603053434,0.6870229007633588,9.804132506410758,2.0361513310351684
others,1631706447.6773324,-9.22485899658203,1.5203180541992187,-2.808398547363281,1.1603053435114503,0.3053435114503817,0.8396946564885496,9.761992260475148,2.009707807255491
others,1631706447.6783373,-9.239224206542968,1.5777788940429687,-2.8131869506835936,0.8549618320610687,0.7480916030534351,0.9465648854961832,9.786044706455895,1.4808373316619408
others,1631706447.7890315,-9.267954626464844,1.5478513732910155,-2.741360900878906,0.22900763358778625,0.5343511450381679,1.1603053435114503,9.788048141528401,0.39665285669516276
others,1631706447.7900279,-9.265560424804686,1.5837643981933593,-2.7174188842773437,0.366412213740458,0.7175572519083969,0.8702290076335878,9.784849771320902,0.6346445707122603
others,1631706447.9044116,-9.261969122314452,1.5957354064941405,-2.7174188842773437,0.42748091603053434,0.7938931297709924,0.8549618320610687,9.783394549075105,0.7404186658309704
others,1631706447.9049444,-9.247603912353515,1.599326708984375,-2.7329811950683593,0.2748091603053435,1.3282442748091603,1.099236641221374,9.774723026993865,0.4759834280341953
others,1631706448.0045311,-9.293093743896485,1.686715069580078,-2.778471026611328,0.33587786259541985,1.5877862595419847,0.3816793893129771,9.845125712986864,0.5817575231529053
others,1631706448.0045311,-9.275137231445312,1.70467158203125,-2.8024130432128906,0.16793893129770993,1.5114503816793894,0.366412213740458,9.8380686483424,0.29087876157645265
others,1631706448.1130664,-9.311050256347656,1.6843208679199217,-2.817975354003906,0.9770992366412213,0.8549618320610687,0.5801526717557252,9.872870846826455,1.692385521899361
others,1631706448.1140711,-9.303867651367186,1.714248388671875,-2.8203695556640622,1.0534351145038168,0.732824427480916,0.6870229007633588,9.871934219935705,1.8246031407977485
others,1631706448.221629,-9.313444458007812,1.7310078002929687,-2.7928362365722657,1.1908396946564885,0.7480916030534351,1.0076335877862594,9.876060445409529,2.0625948548148463
others,1631706448.2226305,-9.324218365478515,1.7417817077636717,-2.7844565307617186,1.1450381679389312,0.8549618320610687,1.2061068702290076,9.88574983581562,1.9832642834758136
others,1631706448.3330958,-9.41040962524414,1.7573440185546874,-2.9269115295410155,0.2900763358778626,0.916030534351145,0.8549618320610687,10.010538367949929,0.5024269518138728
others,1631706448.3350947,-9.34696328125,1.6915034729003906,-2.89219560546875,-0.07633587786259542,0.015267175572519083,0.6259541984732825,9.92933542590654,0.13221761889838757
others,1631706448.439797,-9.338583575439452,1.648407843017578,-2.7820623291015623,0.24427480916030533,-1.2366412213740459,-0.2900763358778626,9.882624267642445,0.4230963804748403
others,1631706448.439797,-9.332598071289063,1.6124948181152343,-2.7533319091796873,0.183206106870229,-1.3282442748091603,-0.04580152671755725,9.86297941297577,0.31732228535613016
others,1631706448.5477893,-9.367313995361327,1.5478513732910155,-2.602497204589844,0.4732824427480916,-1.618320610687023,-0.4580152671755725,9.844562309284706,0.819749237170003
others,1631706448.5487916,-9.325415466308593,1.5035586425781249,-2.5570073730468748,0.6412213740458015,-1.816793893129771,-0.15267175572519084,9.785823875216382,1.1106279987464556
others,1631706448.6578007,-9.278728533935546,1.3359645263671873,-2.3726538452148436,2.16793893129771,-1.816793893129771,-1.0381679389312977,9.670009859942954,3.754980376714207
others,1631706448.658798,-9.30147344970703,1.2976572998046874,-2.299630694580078,2.2900763358778624,-1.633587786259542,-0.7480916030534351,9.66900326480429,3.9665285669516273
others,1631706448.9833727,-9.362525592041015,1.3922282653808593,-2.224213342285156,1.7709923664122138,-0.9770992366412213,0.8091603053435115,9.723286995483969,3.0674487584425916
others,1631706448.9844518,-9.342174877929686,1.3826514587402343,-2.212242333984375,1.1755725190839694,-0.9618320610687023,1.099236641221374,9.699586210269471,2.0361513310351684
others,1631706449.0933793,-9.381679205322266,1.3263877197265623,-2.2373814514160153,1.0381679389312977,0.8244274809160306,0.8854961832061069,9.735557757712606,1.798159617018071
others,1631706449.2003748,-9.337386474609374,1.3395558288574219,-2.2445640563964844,1.1755725190839694,1.297709923664122,0.9007633587786259,9.696353118472482,2.0361513310351684
others,1631706449.2013733,-9.330203869628905,1.284489190673828,-2.3546973327636715,1.8625954198473282,2.8244274809160306,0.030534351145038167,9.70810054844512,3.226109901120657
others,1631706449.3093956,-9.330203869628905,1.2988544006347655,-2.3786393493652342,1.8015267175572518,2.6259541984732824,0.2900763358778626,9.715845416495425,3.120335806001947
others,1631706449.420373,-9.376890802001952,1.388636962890625,-2.445676995849609,1.1145038167938932,2.2595419847328246,1.6793893129770991,9.789572498092186,1.9303772359164588
others,1631706449.421391,-9.442731347656249,1.4963760375976562,-2.4444798950195312,0.732824427480916,1.618320610687023,2.16793893129771,9.868120312757702,1.2692891414245207
others,1631706449.529414,-9.33379517211914,1.5418658691406248,-2.3391350219726563,-0.15267175572519084,0.7175572519083969,2.7938931297709924,9.74518523808113,0.2644352377967752
others,1631706449.5303826,-9.338583575439452,1.5502455749511719,-2.3259669128417966,0.061068702290076333,1.1755725190839694,2.8244274809160306,9.747949867421251,0.10577409511871007
others,1631706449.6353726,-9.386467608642578,1.6160861206054686,-2.412158172607422,1.083969465648855,1.7404580152671756,2.366412213740458,9.825274325279,1.8774901883571036
others,1631706449.6363745,-9.29548794555664,1.62805712890625,-2.541445062255859,2.4580152671755724,2.900763358778626,2.045801526717557,9.773208744595399,4.25740732852808
others,1631706449.746378,-9.149441644287108,1.448492004394531,-2.6312276245117188,7.984732824427481,3.145038167938931,2.33587786259542,9.629837501277144,13.829962936771341
others,1631706449.7483797,-9.327809667968749,1.8351555725097655,-2.916137622070312,8.320610687022901,4.977099236641221,2.6717557251908395,9.943826617958441,14.411720459924247
others,1631706449.8550608,-9.358934289550781,1.8351555725097655,-2.916137622070312,6.519083969465649,3.8625954198473282,2.5343511450381677,9.973028910130408,11.2913846539223
others,1631706449.8570652,-9.239224206542968,1.6675614562988281,-2.863465185546875,3.4656488549618323,1.3435114503816794,1.7709923664122138,9.815470341157473,6.002679897986797
others,1631706449.9613898,-9.220070593261719,1.7262193969726563,-2.8718448913574215,1.0381679389312977,1.0687022900763359,1.0076335877862594,9.810047310346157,1.798159617018071
others,1631706449.9623897,-9.267954626464844,1.7202338928222656,-2.8574796813964842,0.42748091603053434,0.9923664122137404,0.7633587786259542,9.849841508055817,0.7404186658309704
others,1631706450.0724182,-9.259574920654297,1.8519149841308593,-2.8598738830566406,-2.885496183206107,0.6259541984732825,1.4351145038167938,9.86651891229363,4.997825994359051
others,1631706450.0734189,-9.306261853027344,1.9045874206542968,-2.8730419921875,-3.969465648854962,0.3816793893129771,1.1908396946564885,9.924128838789793,6.875316182716154
others,1631706450.1858082,-9.272743029785156,1.7334020019531249,-2.7269956909179687,-8.030534351145038,-2.2442748091603053,0.21374045801526717,9.819620730715085,13.909293508110373
others,1631706450.191803,-9.254786517333983,1.7118541870117185,-2.6982652709960937,-7.541984732824427,-2.2900763358778624,-0.2595419847328244,9.790922005188278,13.063100747160691
others,1631706450.2887893,-9.303867651367186,1.675941162109375,-2.527079852294922,-2.687022900763359,-0.6717557251908397,0.9770992366412213,9.785543655458506,4.654060185223242
others,1631706450.2897902,-9.312247357177734,1.6986860778808592,-2.507926239013672,-1.9083969465648856,-0.549618320610687,1.2061068702290076,9.792506280456664,3.3054404724596895
others,1631706450.3977957,-9.277531433105468,1.879448303222656,-2.4516625,0.42748091603053434,0.2748091603053435,1.0229007633587786,9.778321145812953,0.7404186658309704
others,1631706450.3977957,-9.285911138916015,1.8770541015625,-2.440888592529297,0.3816793893129771,0.6870229007633588,0.9618320610687023,9.783118873916273,0.661088094491938
others,1631706450.5058005,-9.233238702392578,1.887828009033203,-2.480392919921875,0.8702290076335878,1.297709923664122,0.5038167938931297,9.74520089912204,1.5072808554416184
others,1631706450.506793,-9.252392315673827,1.879448303222656,-2.5163059448242184,0.5954198473282443,1.8473282442748091,0.07633587786259542,9.770920381191543,1.0312974274074231
others,1631706450.6194339,-9.24520971069336,1.696291876220703,-2.560598675537109,0.7022900763358778,1.8473282442748091,-0.5038167938931297,9.742072382260027,1.2164020938651656
others,1631706450.6204329,-9.251195214843749,1.6448165405273436,-2.5665841796874997,0.8702290076335878,1.9083969465648856,-0.42748091603053434,9.740502487375196,1.5072808554416184
others,1631706450.723575,-9.260772021484375,1.39821376953125,-2.5845406921386718,3.7557251908396947,2.122137404580153,1.816793893129771,9.715799028825948,6.505106849800669
others,1631706450.723575,-9.204508282470703,1.3180080139160155,-2.606088507080078,5.312977099236641,2.122137404580153,2.6259541984732824,9.656697942545033,9.202346275327775
others,1631706450.834128,-9.176974963378905,1.7645266235351562,-2.8574796813964842,13.419847328244275,4.900763358778626,5.3893129770992365,9.772185723431651,23.243857402336534
others,1631706450.8351223,-9.193734375,1.8758570007324218,-2.91134921875,12.854961832061068,4.824427480916031,5.297709923664122,9.824436142536106,22.265447022488466
others,1631706450.9411368,-9.249998114013671,1.9045874206542968,-2.942473840332031,6.320610687022901,2.1068702290076335,3.816793893129771,9.89181836940051,10.947618844786492
others,1631706450.9421213,-9.179369165039063,1.9033903198242186,-2.9364883361816405,5.0534351145038165,1.251908396946565,3.66412213740458,9.8237811827321,8.752806371073257
others,1631706451.0517972,-9.160215551757812,1.8351555725097655,-2.868253588867187,3.099236641221374,1.0076335877862594,4.229007633587786,9.772626237610279,5.368035327274536
others,1631706451.0527954,-9.16859525756836,1.887828009033203,-2.887407202148437,2.9923664122137406,0.9770992366412213,4.244274809160306,9.79612953874202,5.182930660816793
others,1631706451.1580229,-9.139864837646483,1.9764134704589842,-2.882618798828125,1.4809160305343512,0.9923664122137404,4.625954198473282,9.78533753102138,2.565021806628719
others,1631706451.1590593,-9.139864837646483,2.005143890380859,-2.8718448913574215,1.3893129770992367,1.0534351145038168,4.67175572519084,9.788014321178427,2.4063606639506543
others,1631706451.2669709,-9.089586602783202,2.1452046874999997,-2.9460651428222655,1.4809160305343512,1.6793893129770991,4.854961832061068,9.792945807392186,2.565021806628719
others,1631706451.2669709,-9.089586602783202,2.1487959899902345,-2.934094134521484,1.3282442748091603,1.7709923664122138,4.595419847328245,9.790138773599041,2.300586568831944
others,1631706451.3759956,-9.082403997802734,2.3247698120117186,-2.9747955627441405,0.6564885496183206,1.6641221374045803,4.320610687022901,9.835854090940263,1.1370715225261332
others,1631706451.3769956,-9.0788126953125,2.365471240234375,-2.9700071594238278,0.549618320610687,1.6641221374045803,4.290076335877862,9.84079451426419,0.9519668560683906
others,1631706451.4843085,-9.076418493652342,2.474407415771484,-2.967612957763672,-0.07633587786259542,1.4961832061068703,3.786259541984733,9.86462322636937,0.13221761889838757
others,1631706451.4853115,-9.05965908203125,2.483984222412109,-2.9700071594238278,-0.0916030534351145,1.4198473282442747,3.5572519083969465,9.852336922114082,0.15866114267806508
others,1631706451.5946047,-9.064447485351561,2.539050860595703,-2.943670941162109,0.0916030534351145,1.5725190839694656,2.732824427480916,9.862869060128004,0.15866114267806508
others,1631706451.595603,-9.056067779541015,2.5450363647460934,-2.958036151123047,0.33587786259541985,1.5267175572519085,2.4732824427480917,9.861011692360567,0.5817575231529053
others,1631706451.7028475,-9.017760552978515,2.558204473876953,-2.959233251953125,0.4732824427480916,1.5725190839694656,1.5877862595419847,9.82962242207118,0.819749237170003
others,1631706451.8114104,-8.98304462890625,2.546233465576172,-2.9652187561035155,0.32061068702290074,1.6488549618320612,1.4045801526717556,9.796474770941307,0.5553139993732278
others,1631706451.9195626,-9.024943157958983,2.5234885498046875,-2.9855694702148434,0.7633587786259542,1.465648854961832,1.099236641221374,9.835203024181299,1.322176188983876
others,1631706451.920566,-9.004592443847656,2.507926239013672,-2.9939491760253905,0.7786259541984732,1.5267175572519085,1.1450381679389312,9.815096065182178,1.3486197127635533
others,1631706452.1368713,-8.992621435546875,2.529474053955078,-3.0358477050781247,1.1603053435114503,2.2442748091603053,0.7022900763358778,9.82251752663833,2.009707807255491
others,1631706452.137879,-8.99501563720703,2.540247961425781,-3.0609868225097654,1.0076335877862594,2.030534351145038,0.6717557251908397,9.835283745103913,1.745272569458716
others,1631706452.245793,-8.981847528076171,2.4899697265625,-3.065775225830078,-0.15267175572519084,1.1908396946564885,0.7022900763358778,9.811855685451109,0.2644352377967752
others,1631706452.245793,-8.992621435546875,2.464830609130859,-3.0430303100585934,-0.22900763358778625,1.0687022900763359,0.7633587786259542,9.808295656366647,0.39665285669516276
others,1631706452.3545628,-9.009380847167968,2.522291448974609,-3.0550013183593747,0.33587786259541985,1.1755725190839694,1.0076335877862594,9.841947493157285,0.5817575231529053
others,1631706452.3555586,-8.998606939697265,2.522291448974609,-3.0430303100585934,0.44274809160305345,1.099236641221374,1.1145038167938932,9.828372931298116,0.7668621896106479
others,1631706452.4628356,-8.968679418945312,2.5725696838378904,-3.039439007568359,0.5038167938931297,1.1908396946564885,0.9007633587786259,9.812925903049669,0.872636284729358
others,1631706452.4642003,-8.98304462890625,2.529474053955078,-3.0322564025878904,0.22900763358778625,1.3740458015267176,0.9007633587786259,9.812640250492658,0.39665285669516276
others,1631706452.5732708,-8.992621435546875,2.5342624572753905,-3.037044805908203,0.2595419847328244,1.3282442748091603,0.8244274809160306,9.824121723518425,0.44953990425451773
others,1631706452.5742683,-8.981847528076171,2.5426421630859375,-3.0310593017578125,0.2748091603053435,1.1603053435114503,0.6870229007633588,9.814577661717438,0.4759834280341953
others,1631706452.6802602,-8.979453326416015,2.5378537597656248,-3.0406361083984375,0.33587786259541985,1.4198473282442747,1.0534351145038168,9.814109826720738,0.5817575231529053
others,1631706452.6812642,-8.973467822265624,2.5617957763671875,-3.0071172851562498,0.42748091603053434,1.0381679389312977,0.9923664122137404,9.804523278759392,0.7404186658309704
others,1631706452.789262,-8.978256225585938,2.578555187988281,-3.0214824951171875,0.22900763358778625,1.2671755725190839,0.5801526717557252,9.817707888202495,0.39665285669516276
others,1631706452.789262,-8.965088116455078,2.5809493896484375,-3.029862200927734,0.183206106870229,1.2671755725190839,0.6259541984732825,9.80888218118361,0.31732228535613016
others,1631706452.8982646,-8.96269391479492,2.528276953125,-3.034650604248047,0.3969465648854962,1.2671755725190839,0.7633587786259542,9.794445918573851,0.6875316182716154
others,1631706453.009277,-8.986635931396483,2.5522189697265625,-3.037044805908203,0.4122137404580153,1.4045801526717556,0.7786259541984732,9.823293143645488,0.713975142051293
others,1631706453.0112836,-8.965088116455078,2.5570073730468748,-3.0238766967773434,0.2595419847328244,1.282442748091603,0.9312977099236641,9.800761292824818,0.44953990425451773
others,1631706453.1182792,-8.966285217285156,2.5570073730468748,-3.019088293457031,0.2748091603053435,1.282442748091603,0.8091603053435115,9.800380167483896,0.4759834280341953
others,1631706453.1202786,-8.942343200683593,2.574963885498047,-3.025073797607422,-0.15267175572519084,1.5267175572519085,0.8091603053435115,9.78504023555357,0.2644352377967752
others,1631706453.230704,-8.960299713134765,2.5629928771972654,-3.039439007568359,-0.21374045801526717,1.5419847328244274,0.7938931297709924,9.802759454280972,0.3702093329154852
others,1631706453.2416885,-8.975862023925782,2.583343591308594,-3.086125939941406,0.15267175572519084,1.3740458015267176,0.9618320610687023,9.8368661930763,0.2644352377967752
others,1631706453.4417744,-8.978256225585938,2.5941174987792968,-3.0813375366210938,0.15267175572519084,1.2366412213740459,0.9465648854961832,9.840384721357989,0.2644352377967752
others,1631706453.4427662,-8.965088116455078,2.6144682128906247,-3.0526071166992184,0.061068702290076333,1.1908396946564885,0.7938931297709924,9.824798175074248,0.10577409511871007
others,1631706453.6664984,-8.972270721435546,2.616862414550781,-3.0514100158691404,0.13740458015267176,1.2061068702290076,0.7022900763358778,9.831618070305852,0.23799171401709765
others,1631706453.6704931,-8.997409838867187,2.578555187988281,-3.0550013183593747,-0.183206106870229,1.1450381679389312,0.6106870229007634,9.845575845080004,0.31732228535613016
others,1631706453.7690246,-8.993818536376953,2.596511700439453,-3.0502129150390624,0.04580152671755725,0.9465648854961832,0.8244274809160306,9.84552912254429,0.07933057133903254
others,1631706453.7690246,-8.942343200683593,2.748543505859375,-3.0645781249999997,0.3511450381679389,1.0687022900763359,0.6870229007633588,9.844370594743086,0.6082010469325828
others,1631706453.880049,-9.042899670410156,2.583343591308594,-2.825157958984375,-11.816793893129772,-4.580152671755725,-3.633587786259542,9.81983788323779,20.467287405470397
others,1631706453.987026,-8.97705912475586,2.4779987182617185,-2.7617116149902343,-11.541984732824428,-4.641221374045801,-3.801526717557252,9.713656326092721,19.991303977436203
others,1631706453.9890237,-9.011775048828124,2.4109610717773435,-2.589329095458984,-7.694656488549619,-1.0687022900763359,-3.5419847328244276,9.681397005850826,13.32753598495747
others,1631706454.0940156,-9.0788126953125,2.3738509460449215,-2.5737667846679684,-6.778625954198473,-0.4732824427480916,-3.114503816793893,9.730584963529473,11.740924558176816
others,1631706454.0940156,-9.117119921875,2.4301146850585935,-2.531868255615234,-3.969465648854962,0.3053435114503817,-1.7099236641221374,9.769221561423386,6.875316182716154
others,1631706454.2038145,-9.10395181274414,2.393004559326172,-2.446874096679687,-2.732824427480916,0.8091603053435115,-0.12213740458015267,9.726027055006849,4.733390756562275
others,1631706454.2038145,-9.163806854248046,2.454056701660156,-2.416946575927734,-0.9770992366412213,1.0076335877862594,0.2748091603053435,9.789758991303891,1.692385521899361
others,1631706454.2045531,-9.1554271484375,2.4492682983398435,-2.4061726684570313,-0.7022900763358778,1.2213740458015268,0.3969465648854962,9.778058517825949,1.2164020938651656
others,1631706454.2045531,-9.221267694091797,2.606088507080078,-2.437297290039062,-0.6564885496183206,1.6946564885496183,0.7175572519083969,9.88756255468797,1.1370715225261332
others,1631706454.2055666,-9.306261853027344,2.583343591308594,-2.424129180908203,-1.0381679389312977,1.251908396946565,0.6412213740458015,9.957739506213134,1.798159617018071
others,1631706454.2055666,-9.19971987915039,2.539050860595703,-2.3331495178222657,-0.549618320610687,0.8549618320610687,0.0916030534351145,9.82472451522387,0.9519668560683906
others,1631706454.2065337,-9.203311181640624,2.528276953125,-2.3259669128417966,-0.24427480916030533,1.1603053435114503,-0.183206106870229,9.823606422157251,0.4230963804748403
others,1631706454.2075875,-9.173383660888671,2.6599580444335937,-2.6144682128906247,-0.6564885496183206,2.2290076335877864,-0.8396946564885496,9.902615241653173,1.1370715225261332
others,1631706454.208533,-9.147047442626953,2.3044190979003907,-2.644395733642578,-0.8091603053435115,0.33587786259541985,-2.366412213740458,9.796512292267254,1.4015067603229083
others,1631706454.208533,-9.167398156738281,2.2637176696777344,-2.6048914062499997,-0.183206106870229,0.183206106870229,-2.16793893129771,9.795461494515443,0.31732228535613016
others,1631706454.2095726,-9.266757525634764,2.1595698974609374,-2.3427263244628906,1.816793893129771,-0.9007633587786259,-1.8931297709923665,9.799229756070595,3.1467793297816242
others,1631706454.314006,-9.249998114013671,2.080561242675781,-2.318784307861328,1.450381679389313,-1.450381679389313,-2.213740458015267,9.76053076733868,2.512134759069364
others,1631706454.3148675,-9.209296685791015,1.9812018737792967,-2.2960393920898436,1.0381679389312977,-1.618320610687023,-2.7938931297709924,9.695777596542541,1.798159617018071
others,1631706454.4233654,-9.212887988281249,1.9536685546875,-2.269703173828125,0.366412213740458,-1.4961832061068703,-2.9923664122137406,9.687397917060967,0.6346445707122603
others,1631706454.5334284,-9.220070593261719,1.9692308654785156,-2.2074539306640624,0.0916030534351145,-1.2061068702290076,-2.7022900763358777,9.682996685029226,0.15866114267806508
others,1631706454.536425,-9.193734375,2.001552587890625,-2.1894974182128903,-0.13740458015267176,-0.9618320610687023,-2.0916030534351147,9.660479463489855,0.23799171401709765
nod,1631706454.6384084,-9.138667736816405,2.002749688720703,-2.1883003173828124,-0.2595419847328244,-0.549618320610687,-1.251908396946565,9.608064976812846,0.44953990425451773
nod,1631706454.639407,-9.149441644287108,1.9955670837402342,-2.2110452331542967,-0.2595419847328244,0.1984732824427481,-0.916030534351145,9.622021170782,0.44953990425451773
nod,1631706454.748019,-9.163806854248046,2.053027923583984,-2.2673089721679687,0.030534351145038167,0.6564885496183206,-0.6412213740458015,9.660795499970611,0.052887047559355034
nod,1631706454.748019,-9.214085089111327,2.136824981689453,-2.2948422912597657,0.10687022900763359,1.0381679389312977,-0.3969465648854962,9.733020403426174,0.1851046664577426
nod,1631706454.8571963,-9.249998114013671,2.291250988769531,-2.3499089294433593,0.10687022900763359,1.3893129770992367,0.33587786259541985,9.815007293908215,0.1851046664577426
nod,1631706454.859195,-9.255983618164063,2.3726538452148436,-2.389413256835937,-0.12213740458015267,1.5572519083969465,0.7633587786259542,9.849467737947954,0.21154819023742014
nod,1631706454.9651468,-9.275137231445312,2.4157494750976563,-2.418143676757812,-0.6259541984732825,1.83206106870229,1.083969465648855,9.884909459879811,1.0841844749667782
nod,1631706455.0738287,-9.265560424804686,2.407369769287109,-2.433705987548828,-0.8702290076335878,1.8931297709923665,0.9770992366412213,9.877700340950584,1.5072808554416184
nod,1631706455.1856117,-9.319429962158203,2.2457611572265623,-2.4133552734375,-0.9923664122137404,1.8473282442748091,-1.6030534351145038,9.885317479510116,1.7188290456790385
nod,1631706455.1866236,-9.338583575439452,2.1691467041015624,-2.3678654418945313,-0.7633587786259542,1.4809160305343512,-1.9541984732824427,9.875278597097935,1.322176188983876
nod,1631706455.3997693,-9.209296685791015,1.9608511596679685,-2.262520568847656,-0.1984732824427481,0.44274809160305345,-1.5572519083969465,9.68375350996458,0.3437658091358077
nod,1631706455.3997693,-9.211690887451171,1.9728221679687499,-2.270900274658203,-0.061068702290076333,1.0381679389312977,-1.816793893129771,9.690421268955367,0.10577409511871007
nod,1631706455.5097744,-9.324218365478515,2.0278888061523435,-2.3056161987304686,-0.42748091603053434,2.0763358778625953,-1.1145038167938932,9.816783953673074,0.7404186658309704
nod,1631706455.5107765,-9.336189373779296,2.003946789550781,-2.2948422912597657,-0.6259541984732825,2.198473282442748,-1.1297709923664123,9.82071972414317,1.0841844749667782
nod,1631706455.725558,-9.325415466308593,1.898601916503906,-2.2768857788085937,-0.8396946564885496,0.9007633587786259,-1.7099236641221374,9.785308973474503,1.4543938078822634
nod,1631706455.725558,-9.33379517211914,1.879448303222656,-2.2673089721679687,-0.7938931297709924,1.0076335877862594,-1.4351145038167938,9.787376983381934,1.3750632365432307
nod,1631706455.8341146,-9.33978067626953,1.8507178833007811,-2.2637176696777344,-0.015267175572519083,1.4961832061068703,-0.3511450381679389,9.786780750195554,0.026443523779677517
nod,1631706455.8341146,-9.336189373779296,1.8734627990722654,-2.280477081298828,0.13740458015267176,1.450381679389313,-0.366412213740458,9.791571406107723,0.23799171401709765
nod,1631706455.9433901,-9.342174877929686,1.8160019592285155,-2.3391350219726563,0.7633587786259542,2.1374045801526718,-0.3969465648854962,9.800288119068815,1.322176188983876
nod,1631706456.0518577,-9.313444458007812,1.7681179260253905,-2.360682836914062,0.6870229007633588,2.2595419847328246,-0.4732824427480916,9.769304587800985,1.1899585700854882
nod,1631706456.0518577,-9.227253198242186,1.5705962890624998,-2.3918074584960936,-0.183206106870229,1.6488549618320612,7.694656488549619,9.66073067662095,0.31732228535613016
nod,1631706456.1604602,-9.144653240966797,1.5167267517089842,-2.407369769287109,-0.5343511450381679,1.3129770992366412,11.114503816793894,9.577085785506554,0.9255233322887131
nod,1631706456.2705457,-8.493430389404296,1.8351555725097655,-2.357091534423828,0.5038167938931297,4.778625954198473,25.49618320610687,9.00344579906063,0.872636284729358
nod,1631706456.2715418,-8.735244757080078,2.2086510314941403,-2.418143676757812,1.5877862595419847,6.305343511450381,24.671755725190838,9.328990255459532,2.7501264730864614
nod,1631706456.487397,-9.652223992919922,4.479551306152343,-2.8371289672851563,0.9770992366412213,2.015267175572519,5.587786259541985,11.012770255070189,1.692385521899361
nod,1631706456.487397,-9.099163409423827,3.6475662292480466,-2.6467899353027344,3.5419847328244276,-0.7175572519083969,-20.03053435114504,10.154063773178112,6.134897516885183
nod,1631706456.5954795,-8.978256225585938,2.053027923583984,-2.5522189697265625,5.465648854961832,3.114503816793893,-20.793893129770993,9.55708272312845,9.46678151312455
nod,1631706456.5954795,-9.13627353515625,1.5777788940429687,-2.530671154785156,4.656488549618321,2.6717557251908395,-17.908396946564885,9.61068035267772,8.065274752801644
nod,1631706456.7051947,-9.129090930175781,0.6607996582031249,-2.479195819091797,-2.381679389312977,-0.13740458015267176,6.366412213740458,9.482793328397563,4.125189709629693
nod,1631706456.706186,-7.748833673095703,1.5598223815917969,-2.2673089721679687,-9.786259541984732,3.6946564885496183,47.587786259541986,8.223026154080378,16.950298742773285
nod,1631706456.814607,-8.052897283935547,2.5007436340332028,-2.337937921142578,-8.885496183206106,5.969465648854962,46.99236641221374,8.750361541781608,15.390130839772315
nod,1631706456.814607,-9.542090716552734,5.033808990478516,-2.9173347229003905,-3.3282442748091605,4.977099236641221,18.9618320610687,11.17593710079761,5.764688183969699
nod,1631706456.9219072,-8.80347950439453,4.649539624023437,-2.900575311279297,7.465648854961832,0.183206106870229,-21.72519083969466,10.369802661384718,12.930883128262305
nod,1631706456.9229102,-8.737638958740234,4.3442789123535155,-2.839523168945312,8.396946564885496,0.015267175572519083,-25.00763358778626,10.162774506432374,14.543938078822633
nod,1631706457.0303414,-8.622717279052734,2.922123126220703,-2.7090391784667966,8.916030534351146,-0.9618320610687023,-31.206106870229007,9.498892046430283,15.44301788733167
nod,1631706457.031339,-9.162609753417968,1.3060370056152344,-2.6372131286621094,2.9160305343511452,0.6106870229007634,-7.1603053435114505,9.62361903025334,5.0507130419184065
nod,1631706457.1446838,-8.275558038330077,1.3682862487792968,-2.521094348144531,-8.13740458015267,3.9083969465648853,39.57251908396947,8.75859491109244,14.094398174568115
nod,1631706457.1506858,-8.270769635009765,1.6555904479980468,-2.549824768066406,-8.625954198473282,3.633587786259542,40.61068702290076,8.811822537633565,14.940590935517797
nod,1631706457.2482903,-8.59997236328125,3.708618371582031,-2.7629087158203123,-4.748091603053435,6.122137404580153,26.793893129770993,9.764580863876999,8.223935895479707
nod,1631706457.2482903,-8.88009395751953,4.401739752197265,-2.864662286376953,-2.5801526717557253,7.770992366412214,21.69465648854962,10.316863455306509,4.4689555187655
nod,1631706457.359205,-9.320627062988281,5.268440753173828,-3.366247534179687,6.427480916030534,2.9160305343511452,-12.580152671755725,11.223287365045199,11.132723511244233
others,1631706457.6833951,-9.187748870849608,5.048174200439453,-3.3482910217285156,7.709923664122138,0.5954198473282443,-21.34351145038168,11.004991814534373,13.353979508737146
others,1631706457.6833951,-8.77115778198242,3.436876483154297,-3.037044805908203,8.15267175572519,-4.320610687022901,-37.66412213740458,9.897927558331785,14.120841698347792
others,1631706457.793354,-8.658630303955078,3.0310593017578125,-2.941276739501953,7.755725190839694,-4.351145038167939,-37.45038167938932,9.633810673335708,13.433310080076177
others,1631706457.7950718,-8.842983831787109,0.8487444885253905,-2.6707319519042967,3.145038167938931,-1.984732824427481,-15.282442748091603,9.27639689830987,5.447365898613568
others,1631706457.9017048,-8.894459167480468,0.5925649108886718,-2.653972540283203,1.618320610687023,-1.1908396946564885,-5.9541984732824424,9.300865943565208,2.8030135206458167
others,1631706458.0100062,-8.33182177734375,0.7362170104980469,-2.512714642333984,-7.175572519083969,1.816793893129771,31.129770992366414,8.733556233846889,12.428456176448432
others,1631706458.011007,-8.152256652832031,0.9528922607421875,-2.5246856506347655,-7.893129770992366,2.717557251908397,34.229007633587784,8.587277206935127,13.671301794093274
others,1631706458.1204956,-9.050082275390624,3.4668040039062498,-3.0142998901367184,-7.3893129770992365,5.435114503816794,25.068702290076335,10.149321308369254,12.798665509363918
others,1631706458.1214838,-9.453505255126952,4.072537023925781,-3.132812872314453,-7.679389312977099,4.351145038167939,16.442748091603054,10.759592739174577,13.30109246117779
others,1631706458.2321153,-9.266757525634764,3.976768957519531,-2.900575311279297,-0.16793893129770993,-1.9236641221374047,-14.0,10.492893953376376,0.29087876157645265
others,1631706458.2330046,-9.034519964599609,3.6535517333984373,-2.8275521606445313,2.0,-2.015267175572519,-17.84732824427481,10.147218460274383,3.4641016151377544
others,1631706458.3360045,-9.211690887451171,1.3850456604003905,-2.551021868896484,1.7404580152671756,0.6717557251908397,-4.534351145038168,9.658225150768283,3.0145617108832368
others,1631706458.3370066,-9.334992272949219,1.4053963745117186,-2.570175482177734,-1.3282442748091603,0.4580152671755725,-3.877862595419847,9.783814272291755,2.300586568831944
others,1631706458.447636,-9.39843861694336,1.4030021728515625,-2.5354595581054684,-1.816793893129771,0.3816793893129771,-3.49618320610687,9.835020015448205,3.1467793297816242
others,1631706458.4485521,-9.272743029785156,1.216254443359375,-2.4301146850585935,-0.3511450381679389,1.0076335877862594,2.381679389312977,9.662737477027823,0.6082010469325828
others,1631706458.5546272,-9.294290844726563,1.2294225524902342,-2.442085693359375,0.2748091603053435,1.5114503816793894,2.0763358778625953,9.688090867278762,0.4759834280341953
others,1631706458.5555565,-9.403227020263671,1.3443442321777344,-2.527079852294922,1.4351145038167938,1.0229007633587786,1.7404580152671756,9.8292457690853,2.485691235289686
others,1631706458.663955,-9.315838659667968,1.4832079284667967,-2.445676995849609,1.9694656488549618,0.24427480916030533,4.0458015267175576,9.745054728428107,3.4112145675783996
others,1631706458.6649485,-9.32182416381836,1.5406687683105469,-2.433705987548828,1.9083969465648856,0.3053435114503817,3.877862595419847,9.75668954249475,3.3054404724596895
others,1631706458.7723587,-9.3852705078125,1.562216583251953,-2.442085693359375,0.6412213740458015,0.8091603053435115,3.3435114503816794,9.822810478244657,1.1106279987464556
others,1631706458.8805838,-9.34696328125,1.5670049865722655,-2.426523382568359,0.5954198473282443,0.8396946564885496,3.5267175572519083,9.78311008499491,1.0312974274074231
others,1631706458.9907885,-9.318232861328125,1.638831036376953,-2.4253262817382812,0.42748091603053434,0.8549618320610687,2.6259541984732824,9.767161225075489,0.7404186658309704
others,1631706458.992779,-9.334992272949219,1.6579846496582031,-2.427720483398437,0.42748091603053434,0.9312977099236641,2.4122137404580153,9.786971982183058,0.7404186658309704
others,1631706459.0973704,-9.361328491210937,1.7106570861816406,-2.4013842651367185,0.24427480916030533,0.8244274809160306,1.786259541984733,9.814655632048805,0.4230963804748403
others,1631706459.0973704,-9.33978067626953,1.763329522705078,-2.4001871643066406,0.0916030534351145,0.7022900763358778,1.5572519083969465,9.8031491119009,0.15866114267806508
nod,1631706459.2057295,-9.39125601196289,1.7405846069335937,-2.3977929626464842,-1.6030534351145038,-0.8854961832061069,-0.3511450381679389,9.847575099883235,2.7765699968661393
nod,1631706459.2057295,-9.355342987060546,1.714248388671875,-2.3690625427246093,-1.8625954198473282,-1.099236641221374,-0.3511450381679389,9.801711446219372,3.226109901120657
nod,1631706459.3152635,-9.299079248046874,1.6615759521484375,-2.299630694580078,0.6564885496183206,1.0076335877862594,0.0,9.722243097025956,1.1370715225261332
nod,1631706459.3172634,-9.375693701171874,1.6903063720703124,-2.3151930053710936,0.8854961832061069,1.4198473282442747,0.0,9.804126001932794,1.5337243792212958
nod,1631706459.5337827,-9.392453112792968,1.66636435546875,-2.3511060302734372,0.4732824427480916,0.9312977099236641,0.4122137404580153,9.824593895259957,0.819749237170003
nod,1631706459.5351076,-9.417592230224608,1.6208745239257811,-2.3139959045410157,0.9618320610687023,0.9770992366412213,1.5419847328244274,9.832235487585269,1.6659419981196837
nod,1631706459.6430013,-9.390058911132812,1.6747440612792968,-2.31758720703125,1.1603053435114503,0.9312977099236641,1.7404580152671756,9.815762043139081,2.009707807255491
nod,1631706459.644707,-9.375693701171874,1.7118541870117185,-2.29843359375,0.7480916030534351,1.1603053435114503,0.9007633587786259,9.803921364467488,1.2957326652041983
nod,1631706459.7496998,-9.357737188720703,1.7010802795410156,-2.29843359375,0.7786259541984732,1.5725190839694656,0.9465648854961832,9.784871812930833,1.3486197127635533
nod,1631706459.8576994,-9.363722692871093,1.6938976745605467,-2.2924480895996093,0.8549618320610687,1.5725190839694656,0.8702290076335878,9.78794719256186,1.4808373316619408
nod,1631706459.9662132,-9.3852705078125,1.6304513305664061,-2.3427263244628906,0.5801526717557252,1.450381679389313,0.732824427480916,9.809691161167729,1.0048539036277455
nod,1631706459.9672139,-9.382876306152344,1.6041151123046875,-2.3415292236328122,0.1984732824427481,1.5114503816793894,1.6641221374045803,9.802770637692479,0.3437658091358077
nod,1631706459.9682112,-9.384073406982422,1.4317325927734375,-2.300827795410156,-2.4885496183206106,2.8702290076335877,12.732824427480915,9.767522739619109,4.310294376087435
nod,1631706459.9682112,-9.302670550537108,1.5382745666503905,-2.3056161987304686,-3.83206106870229,3.145038167938931,21.450381679389313,9.706793191887945,6.637324468699057
nod,1631706459.9692118,-8.045714678955077,1.945288848876953,-2.0937293518066404,-7.099236641221374,5.0534351145038165,46.35114503816794,8.538230261555077,12.296238557550046
nod,1631706459.9692118,-8.996212738037109,5.355829113769531,-2.7281927917480466,0.0,4.961832061068702,15.358778625954198,10.81941703757039,0.0
nod,1631706459.9702148,-8.808267907714843,4.770446807861328,-2.7281927917480466,6.2748091603053435,1.4809160305343512,-23.083969465648856,10.381993170372418,10.86828827344746
nod,1631706459.9702148,-8.768763580322265,4.46877739868164,-2.682702960205078,7.114503816793893,0.6870229007633588,-26.625954198473284,10.200886301652767,12.322682081329722
nod,1631706459.9722147,-8.773551983642578,3.0131027893066404,-2.5438392639160154,8.15267175572519,-0.5954198473282443,-32.61068702290076,9.618997922301826,14.120841698347792
nod,1631706459.9732144,-8.787917193603516,2.5905261962890624,-2.558204473876953,7.786259541984733,-0.7786259541984732,-30.9618320610687,9.512240782563078,13.486197127635533
nod,1631706459.974215,-9.229647399902344,1.4041992736816404,-2.5629928771972654,0.1984732824427481,0.5648854961832062,-0.9465648854961832,9.68127570185335,0.3437658091358077
nod,1631706459.974215,-8.384494213867187,2.1499930908203124,-2.574963885498047,-7.190839694656488,3.267175572519084,40.19847328244275,9.030650725422095,12.45489970022811
nod,1631706460.0782244,-8.386888415527343,2.546233465576172,-2.5629928771972654,-7.572519083969466,3.099236641221374,39.908396946564885,9.13192940425465,13.115987794720048
nod,1631706460.1872199,-8.402450726318358,3.1028853515624997,-2.606088507080078,-7.190839694656488,2.595419847328244,35.51145038167939,9.328492537376224,12.45489970022811
nod,1631706460.1882136,-8.56765064086914,3.602076397705078,-2.6982652709960937,-5.709923664122138,2.7786259541984735,29.81679389312977,9.677821415564196,9.889877893599392
nod,1631706460.2932136,-8.933963494873046,4.327519500732421,-2.77727392578125,-2.7786259541984735,3.5267175572519083,20.412213740458014,10.308073496816366,4.812721327901309
nod,1631706460.2932136,-9.093177905273437,4.802768530273437,-2.834734765625,-0.9923664122137404,3.6793893129770994,15.083969465648854,10.667154782967241,1.7188290456790385
nod,1631706460.404791,-9.197325677490234,4.952406134033203,-2.876633294677734,1.0534351145038168,3.404580152671756,7.022900763358779,10.83476558335617,1.8246031407977485
nod,1631706460.5107827,-9.211690887451171,5.045779998779296,-2.942473840332031,2.4580152671755724,2.9160305343511452,0.7786259541984732,10.907488120693529,4.25740732852808
nod,1631706460.5117834,-9.144653240966797,5.030217687988281,-2.9376854370117185,4.106870229007634,1.9541984732824427,-8.946564885496183,10.84240603431293,7.113307896733252
nod,1631706460.621946,-9.058461981201171,5.1319712585449215,-2.902969512939453,4.916030534351145,1.3587786259541985,-14.931297709923664,10.808334490403881,8.51481465705616
nod,1631706460.6249568,-8.930372192382812,4.600458489990234,-2.8718448913574215,5.572519083969466,0.6259541984732825,-22.427480916030536,10.448122266351172,9.651886179582293
nod,1631706460.7289507,-8.811859210205078,4.301183282470703,-2.817975354003906,5.694656488549619,0.10687022900763359,-26.717557251908396,10.202451934003657,9.863434369819714
nod,1631706460.7309508,-8.730456353759765,3.910928411865234,-2.7952304382324216,5.770992366412214,-0.21374045801526717,-32.16793893129771,9.966420741191895,9.995651988718102
nod,1631706460.838954,-8.74601866455078,3.418919970703125,-2.7174188842773437,5.358778625954199,-0.13740458015267176,-34.30534351145038,9.775797749512332,9.281676846666809
nod,1631706460.8399541,-8.98304462890625,1.8555062866210936,-2.5917232971191404,2.50381679389313,-0.3053435114503817,-21.770992366412212,9.531790179889711,4.336737899867113
nod,1631706460.9459393,-9.03332286376953,1.6268600280761718,-2.579752288818359,1.8625954198473282,-0.030534351145038167,-15.755725190839694,9.53429165610728,3.226109901120657
nod,1631706461.0555477,-8.772354882812499,1.2617442749023438,-2.4899697265625,-2.1374045801526718,2.1068702290076335,21.34351145038168,9.205767651013732,3.7020933291548523
nod,1631706461.0565407,-8.528146313476562,1.407790576171875,-2.445676995849609,-3.5267175572519083,3.267175572519084,30.15267175572519,8.982899855750935,6.108453993105506
others,1631706461.162534,-8.613140472412109,2.9951462768554684,-2.7257985900878903,-4.213740458015267,4.091603053435114,30.427480916030536,9.517723886044909,7.298412563190994
others,1631706461.1635363,-9.241618408203124,4.770446807861328,-3.057395520019531,1.083969465648855,0.3511450381679389,-7.099236641221374,10.840310923368788,1.8774901883571036
others,1631706461.2744849,-9.188945971679686,4.5693338684082025,-2.9843723693847655,2.183206106870229,-0.4122137404580153,-12.885496183206106,10.687470164195915,3.7814239004938845
others,1631706461.2764838,-8.769960681152343,3.3399113159179685,-2.7090391784667966,5.099236641221374,-1.4961832061068703,-29.083969465648856,9.76760519357857,8.83213694241229
others,1631706461.3800955,-8.717288244628906,3.076549133300781,-2.701856573486328,5.190839694656488,-1.3282442748091603,-29.389312977099237,9.631007104828154,8.990798085090356
others,1631706461.3810973,-9.113528619384764,1.39821376953125,-2.577358087158203,2.1526717557251906,0.732824427480916,-8.335877862595419,9.57361897879228,3.7285368529345293
others,1631706461.492093,-9.150638745117186,1.2174515441894531,-2.583343591308594,1.297709923664122,1.0381679389312977,-2.549618320610687,9.585929366360066,2.247699521272589
others,1631706461.4931996,-8.164227661132813,1.3335703247070312,-2.445676995849609,-4.900763358778626,2.7480916030534353,34.48854961832061,8.62637577907277,8.488371133276482
others,1631706461.7076201,-9.105148913574219,4.065354418945312,-3.084928839111328,-2.0763358778625953,5.175572519083969,17.923664122137403,10.437798102683377,3.596319234036142
others,1631706461.7085834,-9.320627062988281,4.434061474609375,-3.1878795104980466,-1.9083969465648856,3.9389312977099236,11.389312977099237,10.802664753725253,3.3054404724596895
others,1631706461.8153956,-8.902838873291016,4.00310517578125,-2.919728924560547,-1.3587786259541985,-1.9694656488549618,-13.84732824427481,10.18872946176626,2.353473616391299
others,1631706461.8183844,-8.728062152099609,3.6092590026855467,-2.797624639892578,-0.8396946564885496,-2.0916030534351147,-16.48854961832061,9.850508773922005,1.4543938078822634
others,1631706461.923946,-8.810662109374999,2.7449522033691403,-2.6204537170410154,1.1908396946564885,-3.2519083969465647,-17.51145038167939,9.593190662522634,2.0625948548148463
others,1631706461.9249496,-8.910021478271483,2.6599580444335937,-2.6144682128906247,1.5419847328244274,-3.572519083969466,-16.885496183206108,9.659156463046948,2.670795901747429
others,1631706462.0348237,-9.273940130615234,2.1440075866699217,-2.4396914916992185,1.8778625954198473,-3.4656488549618323,-7.282442748091603,9.826231660845547,3.2525534249003347
others,1631706462.038811,-9.270348828125,2.0566192260742184,-2.3965958618164063,1.8473282442748091,-3.114503816793893,-5.969465648854962,9.793504059377941,3.1996663773409795
others,1631706462.141727,-9.144653240966797,1.9788076721191405,-2.3439234252929686,2.3053435114503817,-0.5343511450381679,-3.4198473282442747,9.645431028440317,3.992972090731305
others,1631706462.2544074,-9.159018450927734,1.927332336425781,-2.3451205261230466,2.366412213740458,-0.13740458015267176,-2.6106870229007635,9.648928396537658,4.098746185850016
others,1631706462.256427,-9.27633433227539,2.0470424194335934,-2.3487118286132813,1.3282442748091603,0.183206106870229,-0.030534351145038167,9.785561228921905,2.300586568831944
shake,1631706462.35964,-9.355342987060546,2.0075380920410155,-2.3487118286132813,0.5954198473282443,0.48854961832061067,-0.8854961832061069,9.852365139924856,1.0312974274074231
shake,1631706462.35964,-9.31464155883789,1.8327613708496093,-2.2732944763183593,1.1450381679389312,1.5572519083969465,-0.5648854961832062,9.76163046771225,1.9832642834758136
shake,1631706462.4681437,-9.319429962158203,1.8267758666992187,-2.2780828796386716,1.6793893129770991,1.633587786259542,-0.24427480916030533,9.766194063873069,2.9087876157645267
shake,1631706462.4691653,-9.354145886230468,2.009932293701172,-2.360682836914062,1.8625954198473282,2.0610687022900764,-0.015267175572519083,9.854577441100448,3.226109901120657
shake,1631706462.5766637,-9.379285003662108,1.9895815795898437,-2.365471240234375,1.1755725190839694,1.816793893129771,0.0916030534351145,9.875468405606899,2.0361513310351684
shake,1631706462.5776193,-9.323021264648437,1.867477294921875,-2.3618799377441406,0.183206106870229,1.3129770992366412,0.4122137404580153,9.797176827456669,0.31732228535613016
shake,1631706462.685366,-9.29548794555664,1.8555062866210936,-2.35589443359375,0.16793893129770993,1.3587786259541985,0.5648854961832062,9.767253365604745,0.29087876157645265
shake,1631706462.6863704,-9.26316622314453,1.8459294799804686,-2.3810335510253906,0.24427480916030533,1.5267175572519085,0.9465648854961832,9.740791800145164,0.4230963804748403
shake,1631706462.793817,-9.357737188720703,1.9871873779296874,-2.4205378784179685,0.6259541984732825,1.633587786259542,1.3435114503816794,9.86788541628984,1.0841844749667782
shake,1631706462.9026008,-9.331400970458985,1.9752163696289062,-2.4193407775878906,0.2748091603053435,1.465648854961832,1.3129770992366412,9.840210037211222,0.4759834280341953
shake,1631706462.9036028,-9.259574920654297,1.916558428955078,-2.3977929626464842,-0.13740458015267176,1.6488549618320612,1.1755725190839694,9.75511840084608,0.23799171401709765
shake,1631706463.0131786,-9.234435803222656,1.905784521484375,-2.4109610717773435,-0.10687022900763359,1.8015267175572518,1.3740458015267176,9.73239706011811,0.1851046664577426
shake,1631706463.0151734,-9.303867651367186,1.8914193115234375,-2.4660277099609376,-0.3053435114503817,2.122137404580153,2.0763358778625953,9.809215715461443,0.5288704755935504
shake,1631706463.1219592,-9.309853155517578,1.8279729675292968,-2.4444798950195312,-0.2595419847328244,2.0763358778625953,2.33587786259542,9.797465636810019,0.44953990425451773
shake,1631706463.1229491,-8.730456353759765,0.47644613037109373,-2.3151930053710936,23.17557251908397,10.992366412213741,13.709923664122137,9.044776819367579,40.14126909755047
shake,1631706463.245361,-8.555679632568358,0.258573779296875,-2.3427263244628906,34.47328244274809,16.30534351145038,18.564885496183205,8.874394683910351,59.709476694511835
shake,1631706463.246337,-8.525752111816406,2.7557261108398436,-4.205415216064453,59.282442748091604,31.251908396946565,26.82442748091603,9.89787818724866,102.6802028364878
shake,1631706463.4473403,-8.52934341430664,3.1088708557128903,-4.53940634765625,52.18320610687023,30.519083969465647,25.87786259541985,10.14992547094898,90.38396427893775
shake,1631706463.4483442,-9.37808790283203,4.216189123535156,-5.590460876464843,-2.0763358778625953,8.763358778625955,3.2061068702290076,11.703761628209312,3.596319234036142
shake,1631706463.557343,-9.612719665527344,4.46877739868164,-5.738901379394531,-18.33587786259542,-3.83206106870229,-4.259541984732825,12.054432373587751,31.758672059392698
shake,1631706463.5583446,-8.82263311767578,3.4153286682128905,-4.7369279846191406,-65.77099236641222,-35.61832061068702,-13.419847328244275,10.580255751752613,113.91870044285074
shake,1631706463.6645346,-7.513004809570312,-0.20350714111328125,-1.2689268798828124,-30.702290076335878,-18.198473282442748,-7.175572519083969,7.622127777176126,53.17792632093148
shake,1631706463.772857,-7.492654095458984,-0.3363853332519531,-1.1168950744628905,-12.442748091603054,-7.4961832061068705,-2.7022900763358777,7.5829067707565,21.551471880437177
shake,1631706463.772857,-8.099584216308592,2.6659435485839844,-4.005499377441406,76.44274809160305,47.83206106870229,21.297709923664122,9.420963047586765,132.40272356484533
shake,1631706463.8820004,-8.752004168701172,3.6236242126464844,-4.805162731933594,73.6793893129771,47.87786259541985,19.801526717557252,10.621573248996782,127.61644576072369
shake,1631706463.8830025,-9.822212310791015,5.5449710449218745,-6.1459156616210935,6.534351145038168,13.038167938931299,-0.8091603053435115,12.84503164211891,11.317828177701978
shake,1631706463.9910076,-9.715670336914062,5.403713146972656,-6.143521459960938,-11.664122137404581,1.8473282442748091,-5.541984732824427,12.701858989902128,20.202852167673626
shake,1631706463.9920056,-8.786720092773438,3.0334535034179684,-4.8123453369140625,-64.18320610687023,-34.19847328244275,-16.549618320610687,10.467423646144534,111.16857396976428
shake,1631706464.1061018,-8.124723333740233,0.5626373901367188,-1.3072341064453123,-38.33587786259542,-22.625954198473284,-8.50381679389313,8.248427188964982,66.39968821077024
shake,1631706464.210107,-7.428010650634765,0.2657563842773437,-1.9033903198242186,60.97709923664122,31.282442748091604,17.801526717557252,7.672604733161237,105.61543397603201
shake,1631706464.2121048,-7.513004809570312,1.4101847778320311,-2.987963671875,79.6030534351145,44.74809160305343,24.106870229007633,8.207422816006286,137.87653298723856
shake,1631706464.3166513,-9.68454571533203,5.6383449096679685,-6.332663391113281,56.67175572519084,41.57251908396947,12.748091603053435,12.871829110809427,98.15836027016293
shake,1631706464.3166513,-9.91438907470703,5.944802722167968,-6.517016918945312,28.85496183206107,25.17557251908397,7.740458015267175,13.270542553037732,49.97825994359051
others,1631706464.427217,-8.951920007324219,4.303577484130859,-5.7700260009765625,-49.19083969465649,-22.65648854961832,-10.473282442748092,11.486986159624086,85.20103361812096
others,1631706464.42821,-8.212111694335936,2.081758343505859,-3.104082452392578,-58.0,-33.038167938931295,-14.870229007633588,9.0226284503052,100.45894683899488
others,1631706464.5362043,-8.23006820678711,1.6448165405273436,-2.5953145996093747,-51.37404580152672,-30.137404580152673,-13.801526717557252,8.784936084645459,88.98245751861484
others,1631706464.5382051,-7.020996368408203,0.0909796630859375,-2.080561242675781,53.51145038167939,24.885496183206108,12.259541984732824,7.323346392792096,92.6845508477697
others,1631706464.6446474,-7.230489013671875,0.5997475158691405,-2.9664158569335934,68.67175572519083,36.0,16.65648854961832,7.838321982152044,118.94296996098946
others,1631706464.6462047,-8.959102612304687,4.6998178588867185,-6.098031628417968,76.3206106870229,43.16030534351145,16.641221374045802,11.8126964434756,132.19117537460792
others,1631706464.7532067,-8.935160595703124,4.192247106933594,-6.041767889404296,-23.114503816793892,-10.305343511450381,-2.763358778625954,11.572164443440808,40.03549500243176
others,1631706464.7552097,-8.573636145019531,3.7038299682617186,-5.686228942871093,-36.534351145038165,-18.47328244274809,-6.412213740458015,10.934294342650736,63.27935240476829
others,1631706464.8623226,-8.416815936279296,2.6216508178710938,-4.043806604003906,-46.61068702290076,-25.893129770992367,-13.053435114503817,9.698877015749549,80.73207809935545
others,1631706464.8633206,-8.38329711303711,2.479195819091797,-3.688267657470703,-42.88549618320611,-25.603053435114504,-13.007633587786259,9.488382407344416,74.27985829711415
others,1631706464.971372,-8.456320263671875,2.1224597717285154,-2.507926239013672,-20.595419847328245,-15.34351145038168,-10.687022900763358,9.072148692825019,35.672313578784966
others,1631706464.9723952,-8.441955053710936,2.1978771240234374,-2.3822306518554686,-15.603053435114504,-12.534351145038167,-10.076335877862595,9.042803318651849,27.02528130283042
others,1631706465.2967963,-9.04050546875,2.5378537597656248,-2.4193407775878906,1.9236641221374047,2.0,-6.809160305343512,9.696630890910242,3.3318839962393674
others,1631706465.2987971,-9.09198080444336,2.5629928771972654,-2.4684219116210935,2.564885496183206,2.595419847328244,-6.854961832061068,9.76351136480629,4.442511994985822
others,1631706465.405052,-9.20690248413086,2.3810335510253906,-2.5546131713867184,3.1297709923664123,1.8778625954198473,-6.091603053435114,9.846949912476761,5.420922374833891
others,1631706465.5135455,-9.167398156738281,2.379836450195312,-2.555810272216797,3.114503816793893,1.8625954198473282,-5.755725190839694,9.810044680908215,5.394478851054213
others,1631706465.5155225,-9.24520971069336,2.1990742248535153,-2.546233465576172,0.22900763358778625,2.5801526717557253,-3.312977099236641,9.838350212425553,0.39665285669516276
shake,1631706465.6237872,-9.29548794555664,2.0745757385253905,-2.529474053955078,-0.3053435114503817,2.198473282442748,-2.6259541984732824,9.854349274837935,0.5288704755935504
shake,1631706465.6245108,-9.188945971679686,1.9393033447265624,-2.5342624572753905,0.3816793893129771,0.9618320610687023,-4.0,9.72728696686139,0.661088094491938
shake,1631706465.731695,-9.18655177001953,1.954865655517578,-2.549824768066406,1.4351145038167938,1.633587786259542,-4.427480916030534,9.732206301872974,2.485691235289686
shake,1631706465.731695,-9.264363323974608,1.9333178405761717,-2.616862414550781,2.0,3.6793893129770994,-2.549618320610687,9.819068925717168,3.4641016151377544
shake,1631706465.8388736,-9.285911138916015,1.915361328125,-2.653972540283203,2.1526717557251906,3.572519083969466,-2.50381679389313,9.845827793623986,3.7285368529345293
shake,1631706465.9484777,-9.260772021484375,1.7298106994628906,-2.6815058593749996,1.83206106870229,2.351145038167939,-1.083969465648855,9.795132319869218,3.173222853561302
shake,1631706465.9484777,-9.29548794555664,1.7369933044433592,-2.750937707519531,1.1755725190839694,1.6793893129770991,-1.0381679389312977,9.848395816391758,2.0361513310351684
shake,1631706466.0568535,-9.281122735595703,1.6304513305664061,-2.759317413330078,-1.2671755725190839,1.7251908396946565,0.9465648854961832,9.818932903429161,2.1948124737132337
shake,1631706466.0578542,-9.261969122314452,1.7381904052734374,-2.7629087158203123,-2.4427480916030535,0.366412213740458,0.5190839694656488,9.82033820597065,4.230963804748403
shake,1631706466.2753046,-9.380482104492186,1.6160861206054686,-2.6850971618652344,-3.0839694656488548,0.2748091603053435,0.2900763358778626,9.89014285187876,5.341591803494858
shake,1631706466.2763002,-8.158242156982421,-0.9109937316894531,-1.8842367065429686,24.595419847328245,8.183206106870228,18.50381679389313,8.422420829988642,42.60051680906048
shake,1631706466.3834305,-7.607575775146484,-0.9038111267089843,-2.529474053955078,46.13740458015267,18.717557251908396,25.480916030534353,8.067857380803812,79.91232886218545
shake,1631706466.3834305,-8.285134844970703,2.7629087158203123,-5.035006091308594,77.05343511450381,43.06870229007634,39.11450381679389,10.08109172217068,133.4604645160324
shake,1631706466.4929776,-8.482656481933594,3.7600937072753906,-5.6311623046875,71.1145038167939,39.343511450381676,37.51145038167939,10.853743804776094,123.17393376573787
shake,1631706466.4942026,-8.941146099853515,5.011064074707031,-6.394912634277343,2.50381679389313,11.267175572519085,15.374045801526718,12.080967028337804,4.336737899867113
shake,1631706466.6005824,-8.437166650390624,3.8235400512695312,-5.304353778076171,-84.59541984732824,-31.435114503816795,-27.786259541984734,10.674334106309251,146.52356526319312
shake,1631706466.6015809,-8.339004382324218,2.7916391357421872,-4.4568063903808595,-87.37404580152672,-34.19847328244275,-30.717557251908396,9.858771036694662,151.33628659109445
shake,1631706466.7090764,-8.129511737060547,0.33039982910156246,-1.7429788085937499,-53.45038167938932,-26.27480916030534,-21.46564885496183,8.320823292035616,92.578776752651
shake,1631706466.8190818,-7.918821990966796,-0.24660277099609373,-1.3251906188964844,-30.702290076335878,-18.259541984732824,-17.14503816793893,8.032725865339458,53.17792632093148
shake,1631706466.8210847,-8.185775476074218,1.715445489501953,-2.9640216552734375,58.18320610687023,32.48854961832061,9.282442748091603,8.873279987979673,100.77626912435102
shake,1631706467.0362208,-8.88009395751953,4.011484881591796,-5.288791467285156,48.12213740458015,29.374045801526716,10.977099236641221,11.08690194932934,83.34998695354352
shake,1631706467.0371702,-9.118317022705078,3.731363287353515,-5.421669659423828,-29.099236641221374,-7.893129770992366,-5.175572519083969,11.245500398145017,50.40135632406535
shake,1631706467.2540526,-9.145850341796875,3.669114044189453,-5.318718988037109,-38.67175572519084,-13.801526717557252,-8.610687022900763,11.198113591918988,66.98144573392315
shake,1631706467.2540526,-8.635885388183594,1.8902222106933593,-3.324349005126953,-60.30534351145038,-34.3206106870229,-12.961832061068701,9.444720893257246,104.45191892972619
shake,1631706467.362716,-8.404844927978516,1.388636962890625,-2.816778253173828,-55.11450381679389,-33.099236641221374,-11.511450381679388,8.972400492935282,95.46112084463583
shake,1631706467.3642454,-8.164227661132813,0.8355763793945312,-1.5406687683105469,-1.9541984732824427,-5.694656488549619,-1.8015267175572518,8.350237208741783,3.384771043798722
others,1631706467.7985442,-8.12711753540039,1.3000515014648437,-1.7322049011230467,14.534351145038167,4.351145038167939,1.4045801526717556,8.41074950049924,25.174234638252994
others,1631706467.7995374,-8.667010009765624,2.808398547363281,-3.450044592285156,46.3206106870229,29.083969465648856,9.450381679389313,9.742020970977519,80.22965114754157
others,1631706468.015146,-8.902838873291016,2.972401361083984,-3.6451720275878903,43.87786259541985,29.603053435114504,9.801526717557252,10.068912005071093,75.99868734279318
others,1631706468.015146,-9.370905297851563,4.155136981201172,-4.777629412841796,18.717557251908396,19.572519083969464,4.183206106870229,11.309499203779941,32.41976015388463
others,1631706468.1229608,-9.229647399902344,3.046621612548828,-4.31554849243164,-41.02290076335878,-22.549618320610687,-9.587786259541986,10.634484151434085,71.05374839599348
others,1631706468.2346325,-8.259995727539062,1.024718310546875,-1.9823989746093749,-14.213740458015268,-14.381679389312977,-4.061068702290076,8.556137138304054,24.618920638879768
others,1631706468.2346325,-8.282740643310547,1.5382745666503905,-2.721010186767578,41.908396946564885,22.137404580152673,10.702290076335878,8.852907863704715,72.58747277521478
others,1631706468.3407488,-9.125499627685546,3.787627026367187,-5.125985754394531,40.412213740458014,27.984732824427482,9.694656488549619,11.130884596473537,69.99600744480638
others,1631706468.3417304,-8.923189587402343,3.056198419189453,-5.036203192138672,-19.251908396946565,-9.541984732824428,-5.633587786259542,10.692380641498387,33.34528348617335
others,1631706468.5584989,-8.647856396484375,2.683900061035156,-4.799177227783203,-25.96946564885496,-14.442748091603054,-7.984732824427481,10.247967693914395,44.980433949231454
others,1631706468.5584989,-8.492233288574218,2.109291662597656,-3.841496563720703,-24.137404580152673,-14.80916030534351,-8.80916030534351,9.55637135080832,41.807211095670155
others,1631706468.6671414,-9.045293872070312,2.195482922363281,-3.047818713378906,-1.099236641221374,1.8625954198473282,0.061068702290076333,9.794216936750187,1.9039337121367812
others,1631706468.6671414,-9.017760552978515,2.2481553588867187,-3.056198419189453,-0.44274809160305345,0.8549618320610687,0.8244274809160306,9.78338165901763,0.7668621896106479
others,1631706468.776581,-9.068038787841797,2.3403321228027343,-3.034650604248047,-0.9007633587786259,0.5343511450381679,0.1984732824427481,9.844571407262416,1.5601679030009734
others,1631706468.7796087,-9.063250384521483,2.2744915771484373,-2.9855694702148434,-0.7633587786259542,0.6106870229007634,0.015267175572519083,9.809660775405384,1.322176188983876
others,1631706468.8857532,-9.01536635131836,2.184709014892578,-2.959233251953125,-0.183206106870229,0.5954198473282443,-0.4122137404580153,9.736880679545235,0.31732228535613016
others,1631706468.8877509,-9.011775048828124,2.1883003173828124,-2.9652187561035155,0.0916030534351145,0.916030534351145,-0.5954198473282443,9.736183548048329,0.15866114267806508
others,1631706469.1023276,-9.10993731689453,2.2110452331542967,-2.9640216552734375,1.2671755725190839,1.8473282442748091,-0.9312977099236641,9.831841298237668,2.1948124737132337
others,1631706469.1023276,-9.105148913574219,2.203862628173828,-2.9568390502929685,1.3435114503816794,1.8473282442748091,-0.6412213740458015,9.823626845089366,2.327030092611621
others,1631706469.3213983,-9.094375006103515,2.0781670410156248,-3.034650604248047,-0.33587786259541985,1.4809160305343512,-0.2900763358778626,9.809971421562194,0.5817575231529053
others,1631706469.3233964,-9.106346014404297,2.0554221252441405,-3.025073797607422,-0.3053435114503817,1.4045801526717556,-0.22900763358778625,9.813326109325581,0.5288704755935504
others,1631706469.4286785,-9.100360510253905,2.003946789550781,-2.9939491760253905,-0.15267175572519084,1.2213740458015268,-0.4732824427480916,9.787547998378486,0.2644352377967752
others,1631706469.4286785,-9.120711224365234,2.002749688720703,-2.980781066894531,-0.15267175572519084,1.1297709923664123,-0.4732824427480916,9.802215837385429,0.2644352377967752
others,1631706469.5372593,-9.083601098632812,2.1152771667480468,-2.9652187561035155,-0.22900763358778625,0.7633587786259542,-0.07633587786259542,9.786660752411771,0.39665285669516276
others,1631706469.5372593,-9.09198080444336,2.128445275878906,-2.961627453613281,-0.549618320610687,1.099236641221374,-0.183206106870229,9.79620494961052,0.9519668560683906
others,1631706469.6472929,-9.150638745117186,2.0841525451660154,-2.9735984619140625,-1.2213740458015268,1.2671755725190839,-1.0687022900763359,9.844804167064954,2.1154819023742015
others,1631706469.754265,-9.154230047607422,2.0649989318847655,-2.978386865234375,-1.3282442748091603,1.2366412213740459,-1.083969465648855,9.845554157700036,2.300586568831944
others,1631706469.754808,-9.074024291992187,1.9656395629882812,-2.959233251953125,-0.5954198473282443,1.4961832061068703,-0.6717557251908397,9.74467635084481,1.0312974274074231
others,1631706469.8629916,-9.121908325195312,1.9800047729492187,-3.027467999267578,-0.04580152671755725,1.6488549618320612,-0.48854961832061067,9.81301140734884,0.07933057133903254
